Radewoosh,3216
fateice,3099
Um_nik,3337
laofudasuan,2600
dotorya,3093
300iq,2678
LHiC,2953
ksun48,2797
wxh010910,2215
chemthan,2484
Kostroma,2861
zscoder,2790
mnbvmar,2891
lewin,2668
PrashantM,2314
Golovanov399,2815
rajat1603,2640
aid,2873
Nephren_Ruq_Insania,2426
uwi,2704
Rafbill,2604
Baba,2368
V--o_o--V,2795
SkyDec,2980
whzzt,2439
skywalkert,2294
yasugongshang,2391
Marcin_smu,2683
jtnydv25,2486
Reyna,2621
shanquan2,2731
eddy1021,2504
orbitingflea,2495
ainta,2872
JOHNKRAM,2778
Will_Dearborn,2504
Tinsane,2504
abeker,2411
valorwxp,2168
Chenwystc,2353
black_horse2014,2650
adkroxx,2222
RAVEman,2571
AndreySergunin,2593
PhoenixEclipse,2286
rudy102,2443
131131yhx,2289
cuiaoxiang,2138
248926,2404
nbdhhzh,2356
skuecrk,1965
triveni,2102
I_hate_ACM,2362
Shik,2697
KrK,2668
SebinKim,2202
omidazadi,2165
mareksom,2572
kriii,2741
isaf27,2370
BigBag,2421
I_love_Maria_Ivanova,2261
AeonHQ,2173
q234rty,2315
mjhun,2465
zx2003,2170
qoo2p5,2204
AlexDmitriev,2584
dreamoon,2625
Merkurev,2568
mathmaniac,2034
simple,2450
M.Mahdi,2437
Denisson,2366
Bodo,2138
kzoacn,2239
evil666man,2310
gzy_cjoier,2021
theodor.moroianu,2128
Legilimens2018,2303
Keren,1972
djq_cpp,2327
gepardo,2382
devanshg27,2153
Tommyr7,2333
MauricioC,2423
binsjl,2181
skydog,2184
DarkestLight,2586
nigus,2186
RockyB,2178
Tachyon29,2337
Chloe_fan,2321
best.code,1946
cuizhuyefei,2148
Mahdi_Jfri,2100
Helli.code,1892
tjw_girlfriend,2327
negativebplusorminus,2395
majk,2662
SYury,2223
netman,2316
2013300262,2144
zyding,2226
nwi,2336
arsijo,2501
__creatnx,2229
Temirulan,2239
q707185547,2295
retrograd,2342
Jatana,2209
Ilya_MSU,2304
jcg,2202
I_hate_politics,2212
FirstLast,2179
Temotoloraia,2121
wxh010911,1787
matthew99,2835
himanshu_0896,2105
adamant,2159
nguyenthibanh,2400
GT_18,2172
teja349,2281
zhongzihao,2325
Omar_Elawady,1943
Breakun,2039
I_Need_Alex_R_Coleman,1969
RNS_KSB,2066
cki86201,2732
irkstepanov,2407
visanr,2159
sgtlaugh,2127
ei133333,2222
grumpy_gordon,2314
tmwilliamlin168,2176
deep_learning,2264
-skyline-,2219
tlwpdus,2239
progmatic,2073
Dimon,1997
egor.lifar,2251
Death_Scythe,2032
BudAlNik,2384
yokozuna57,2376
kmjp,2517
HIR180,2481
comfile,1995
function348,2332
zemen,2638
TroXFey,2147
sdnr1,2189
ShadowLight,2202
furys,1894
Peerl,1832
_yyc_,1864
teleport,2346
__Rolton__,1875
U6121071173,2089
applese,2138
yancouto,2427
waynetuinfor,2018
JiK,2207
yEmre,2101
LeMans,2023
atatomir,2317
kczno1,2154
Tehnar,2182
HardW3ll,2193
seyedparsa,2228
Vladik,2192
MrDindows,2446
ujzwt4it,2024
alooochaat1998,1909
markysha,2085
FallenTurret,2058
vilim_l,2066
nhho,2387
Florin29,2021
Farhod_Farmon,2136
Constantius,2277
Kurpilyansky,2386
kefaa,2298
DmitryGrigorev,2197
Sundar,2084
vilcheuski,2155
egor_bb,2296
Slamur,2192
yashChandnani,2078
sansae,1835
Ronnie007,2197
ErdemKirez,2376
ShivRam,2136
Nikitosh,2348
victoragnez,2350
aropan,2334
worst_one,1786
FMota,2249
Jupiter,1992
aytel,2200
SmallBoy,2271
ivan100sic,2279
alex_Harry,2206
Powerslave,2073
DaniilF,2143
lsmll,2124
Rudy420,2047
voidmax,2457
Tomah4wk,2215
yybyyb,2045
suhendry,2010
I_love_Tanya_Romanova,2566
YaDon4ick,2106
ondrah,2137
neutron-byte,1757
DAyamaCTF,2004
Svlad_Cjelli,2096
stelian2000,2158
alex9801,2258
Mamnoon_Siam,1876
nqiiii,1834
mHuman,2264
Phronesis,2380
saeed_odak,1869
NourElRashidy,2056
sanyamg123,2025
abisheka,2011
Motarack,2228
MicGor,2257
DZYO,2100
x0000ai,2020
KADR,2409
TinkerKing,2073
Adalbert,2222
NaughtyMorzh,2084
Taube,2218
khokho,2203
Mys_C_K,2006
Mikester,2229
ugly2333,2285
scanhex,2282
Superty,2033
niquefa_diego,2202
Anuar,1817
Timsei,2042
smiken,2054
_SHENZHEBEI_,2178
Tachibana_Marika,2141
spj_29,1970
euler_1998,2007
SirirNicheBirirDokan,2047
rcthyc,1943
kristapuciitis,2181
Jakube,2112
lucyanna2018,2495
satyaki3794,2304
GodSpeed98,1734
farqd,1926
AgReB,1867
CLDP,2099
ronin,1891
Forever_you,2163
khadaev,2579
denis2111,1979
Arg_007,2055
sharph,2281
ntpbc,2049
codelegend,2064
Hasan0540,2234
meowin19,2037
__stdcall,2120
akathil,1905
jk_qq,1900
kjp4155,2049
_rqy,2255
wwiiiii,2007
Antimony,2040
Akylbeek,1965
BohdanPastuschak,1928
Lin1034,1665
ComicLover,2104
Ilya.Pchelintsev,1850
dlalswp25,2025
zbww,2054
TooNewbie,1937
Anoxiacxy,1989
MeshOmarYasser,2128
boook,2095
danya.smelskiy,2155
vbobrov,1977
TanyaRomanova,1975
Yjsu,2152
HackerTina,1994
lchi1997,2002
SirRembocodina,2131
CoupDeGrace,1805
ec24,2073
tempura0224,1809
TsunamiNextYear,2115
I-Love-Islam,1999
sokokaleb,2060
ajinkya1p3,1976
victorsenam,2074
adedalic,2232
Mohammadreza_mz,1952
Zarxdy34,2007
flukehn,2010
maksay,2154
DenXman111,2036
repeating,1974
misof,2111
Bugman,2385
Hiasat,2053
raja1999,1921
zhouzhendong,1930
emeng,2014
redbag,1870
tkandi,1953
JoudZouzou,2011
bill_kondo,1965
Dozebear,2243
ZiyaZa,1916
allllekssssa,2068
xuanquang1999,2128
Sonechko,2041
lbn187,2138
mouse_wireless,1864
Fekete,2017
Maestr0,1884
gafeol,1936
QingqingXii0iii,2129
Samsara_Karma,2067
KhaustovPavel,2271
sonya123,2062
grphil,2172
Hujiwara,2359
ioimooeee,1954
abistrigova,1971
OmarHashim,2184
P_Nyagolov,1927
Rebirth_A,1768
Bill_Yang,1750
wrinx,2232
kb.,2239
alexyz,2068
4783992,2021
tenecnt,1939
Zash,2024
fetetriste,2179
do_not_be_hasty,1950
smirnov.i,2111
Melnyk,2150
Azat_Yusupov,2020
xdc2017,1956
YuanyuanWu,1994
Livace,2112
0.o.0..,2124
Erop,2281
laderlappen,2005
DebNatkh,2025
INVWVZ,2024
hloya_ygrt,2176
P___,1962
guestcheap,2106
TonySnark,2143
Zharaskhan,2040
Hoi_koro,1979
ANTIMlRAGE,1948
lis,1963
hohomu,2175
Numb,2053
gauss148,2161
satylogin,1954
SashaShlyapik,2028
ItsLastDay,2074
nishant_coder,1969
ericxu0,2082
AzraelDeath,1666
neeleshsinha,1768
hm_98,1985
Ferric_Ion,2020
Tima,2121
Ahmad1,2022
mraron,2038
OMRailgun,1927
MiracleEEEE,1777
Noam527,2072
ania,2309
prion,2086
RabbitHu,1933
philologist,1955
Slaaava,1906
leemonage,1921
rui-de,2009
T1rex,1807
_LeMur_,2017
fauzdar65,1998
HMAXS,2056
Imperfect,1615
Anya_Zhuravleva,2012
bzh,2008
VIIIIIIVX,1968
Dipak,1882
roman.kolganov,1964
tttayushag10004,1830
yuiouiop,1729
Shhry_min,1819
thelonesailor,2017
tianfuzhen,1777
danya090699,2074
darksmith,2096
loomas,1993
JoseAcv2,1948
rainy_season,1896
savkinsd2089,2065
linpaws,2183
nikabb,2062
dasinlsb,1841
WreckingBall,2029
Qiaoranyizhi,1657
---------,1876
DDEELL,1656
zzb111,1921
robinyu,2330
onetime,1778
inaFSTream,1655
platypus179,2089
JeffreyHo,2066
swenyoo,2101
antontrygubO_o,1898
ASSWECAN,1899
jorik,2047
Sdchr,1784
rkm0959,2043
mr_justadog,1865
Alexandr_TS,2030
lawfung,1977
junis3,2072
f321dd,1950
Neezeeyee,1684
YerzhanU,2033
neckbosov,1882
nickpros,1782
komendart,2173
Xagak,2105
alex.velea,2421
HellKitsune,2432
KeyID,2254
mishraiiit,1958
liumy,1739
Lepton_s,2174
cerberus97,2068
Dalgerok,1958
wijayareynaldo,2034
anzu,2004
sean617,1893
handsomehowc,1918
KiKoS,1940
tokitsukaze,1842
cogito_233,1868
PraveenDhinwa,1904
fram,2183
shayan.p,1925
ShavelV,2006
JKS_PL,2104
Gassa,2186
fredrik.w.ekholm,2029
Quinas,1814
Mohammad_kilani,1950
Aqua_blue,1933
erop.sergeev,1885
derkasperweint,1996
halin.george,2128
Makcum888,1942
cheet0se,1607
natsugiri,2384
killer_god,1868
SpeedOfMagic,1686
ratingoverflow,1813
Infoshoc,1849
Anai,1949
chpipis,2079
Hamzqq9,1930
vovacomua,2005
aidos,2273
arjunsanjeev7,1908
Irkutsk_ISRU,1932
yts1999,1965
win11905,1884
mohammedehab2002,1956
kissgergely,2041
BitHashTech,1964
KArs,1955
xuanyiming,1967
MohamedZain,2097
reiracofage,1878
ushakov.fedor,1912
VampireWeekend,1794
fedimser,2056
Renatus,1640
jah_melon,2026
zetamoo,2172
dani_bw,2014
laurageorgescu,1946
balakrishnan,1970
EntropyIncreaser,1946
ME_AJUUUUUDAAA,2025
MysteryGuy,1984
yassin_,1928
Svenny,1828
fsshakkhor,1993
uenoku,1800
8shubham,2009
olphe,1961
erfanesm,1787
antana,1772
mahathirichiro,2032
NimaKhodaveisi,1630
Cisy,1690
hands_yhy,1834
ParanoidAndroid,1995
ankeshgupta007,1923
LargeDumpling,1686
Deathly_Hallows,2062
Hell_Eclipse,2004
KMAASZRAA,1966
ST_Reborn,1909
Mohammad_Yasser,2059
htc001,1645
euLnaKt,1709
524288,1828
RubenAshughyan,1807
Kuha,2073
mahmud2690,1852
alexey_kuldoshin,1921
Akikaze,1790
AlBurge,1967
muratakburak,1931
fatesky,1634
monsoon,2138
miha715lev,1987
TMandzu,2109
384226056,2012
mbrc,2026
VoMinhThienLong,1934
nishank.suresh,1778
Lancern,1819
born2rule,1914
maxdumbledore,1651
WAAutoMaton,1894
BAACTREE,1854
Ahmad,1834
KARM,1967
HappySadMan,1855
FelixChen,1663
cristina_borza,1710
chenmark,2105
yingtix,1841
EMOAIRX,2038
Anti-Light,1877
qyf123,1711
Misha100896,1965
I_love_you_bangladesh,1630
Kaildls,1912
Octavian_August,1807
mshcherba,2035
Kognition,1808
WillyPillow,1847
femto16,1875
AliTavassoly,1946
TaTaPiH,1770
im0qianqian,1920
DarkKekus,1746
sinus_070,1916
HardikDobariya,1661
fdid,1952
___tutis___,1962
Jungarr1k,1949
MishaPrigara,1880
Qlukva,1725
silk296,1884
maxxaon,1926
deror1869107,1725
SlavaSSU,1954
ruhan.habib39,1954
hamayanhamayan,1987
deniskolsanov,1989
zhaimingshuzms,1759
noelnadal,1934
Batrr,1854
i_hate_reptiloids,1909
BBuf,1839
aleex,1972
Emma194,1736
aayush13,1826
Vicennial,1962
miamiao,1877
AnzheWang,1971
codeRaider,1852
wjy666,1795
mengbier233,1813
tfg,2068
sam721,1802
BenniKartefla,1865
eatenbagpipe,1837
aya_cool,1854
Nasic_number_one,2021
kingofbugs,1849
Knight_of_Thirteen,1890
HailMadoka,1879
kube,1692
bigcrunch,1969
NoTalentBug,1749
ANTIMIRAGE,1905
BagishovMikail,1917
okaduki1,1997
lujiaju,1729
danihao123,1646
cutekibry,1715
leaomatheus,1969
Gediminas,2022
guille,2220
cbosh-calrgauss,1780
milenkoviclazar,1722
Shalchian,1672
eagleaaron,1620
Firastic,1933
TheDealer,1749
Nataly_Cod,1771
xianglingao,1656
KungA,2179
CHNJZ,1630
djm03178,1862
chdn,1811
Mahir83,1876
firecookie,1640
sebi110,1633
aman_shahi2,1683
shenfc,1677
yycflp,1640
kazuma,2041
OMG_wc,1944
tanmaydatta,1700
CaptainMAK,1842
leeminpark,1818
DNA,1935
Pink_guy,1680
Malinovsky239,1994
noah07,1760
wika,1975
neon_ninja,1659
Boxer,1920
sand-martin,1810
broutcha,1917
denisrtyhb,1768
kopricky,1919
zhangz,1762
vsp4,1925
thhyj,1801
dewitast,1786
NURx2,1944
eu3neuom,1843
JPSingh_ko_koot_diye,1882
pranet,1984
Nick_Brain,1732
aminra,1914
U_Square,1938
misael,1975
danilseal,1737
JasonBaby,1893
AdolfQ,1732
TripleM5da,1949
ruddy222,1802
faustaadp,1874
KocherginDaniil,1648
pulkitjain,1840
JovanB,1696
ivankrut856,1927
arif.ozturk,1904
fshp971,1960
Stetsyk,2085
NewSession,1951
fnch,1966
valeriy227,1752
abo_od303,1744
Dibagger,1904
Mitsuhaw,1741
sggutier,1872
Dynatron_12,1435
mango_lassi,2080
ordan,1822
Chefer,1829
quzhizhou,1678
vipsharmavip,1974
..................,1952
Igorjan94,1777
gagannagpal68,1668
BUAAduhao,1924
murugappan_s,1974
Diegogrc,1800
Daniar,1945
zd11024,1886
abc2548926885,1769
yah01,1824
APELSINCHIK,1747
igronemyk,1795
JustLive,1898
AleksanderBalobanov,2119
pandusonu,1695
KieranHorgan,1865
tang0404,1909
Ernestico,1919
ruban,1766
ZZYSonny,1748
Macr0Sam,1740
LeCaRiBoU,1952
AuroraGarden,1738
lwang98,1814
ianCK,1879
chrome,1698
Jeel_Vaishnav,2017
123a6bcw,1982
Hipo_3412,1704
slizkov,1870
scausen,1831
AlanWaP,1767
shanin,1841
Safayat,1825
paruki,2011
kenenalmat,1856
yuyinohama,1661
reeWorld,1799
Silver_,1634
_Dragon_,1897
Januzaj497,1708
AlexReformed,1684
bnorbert,1747
redocyz,1893
ivory-si,1812
_Ash__,2016
K1D,1752
allrats,1786
Lixoskywalker,1992
Mikaeel,2000
_xyz_,2017
heimdall,1745
Lo_R_D,2008
xxxxxxmk,1813
Hasan,1758
Karasick,1920
cgspyn_868,1886
daochuanDD,1880
ajecc,1930
AutSky_JadeK,1897
di_z,1760
ACquick,1766
satanic0,2021
khujamurod97,1725
Therevengerking,1579
teochaban,1905
Monkey.King,1683
Marckess,1967
A_singhal,1641
songc,1646
csutsz,1634
nitksubbu,1738
kunalbonucci,1562
zz_ylolita,1703
matheuslealv,1670
tbs_sajal,1842
Preda_Mihai,1733
Volpe,1684
andy627,1806
ankurdhir111,1667
DeaphetS,1896
1am,1806
sam29,1835
dantrag,1899
Taxman,1840
lucaasdamaso,1881
CircuitCoder,1858
esrever,2024
weeping_samael,1831
XmtosX,1763
PEDY4000,1588
IM4,1639
Kron,1724
vanogam,1890
AFN,1642
fullbuster,1705
stefdasca,1687
Trunks,1651
Ginzaner,1905
zhoutb,1547
hamko,1847
Latens,1873
quotitquot,1774
HwSh,1848
5555555555,1595
2772486661,1737
harshit_ag456,1677
sebach,1961
meooow,1879
Als123,1881
PapaLixo,1823
Chrisutaha,1904
Sunnat,2058
YuHsin,1809
toros,1458
fiord,1927
zhuky.RLG,1735
winner,1867
saurabhrathi12,1806
Nesrin,1592
sarkysaurabh,1921
NicoDafaGood,1834
aymanrasheed7,1781
siiri,1771
xodiac,1676
Kalam,1994
lkj18,1999
fish-porridge,1875
unknown_coder2,1695
Dazzler,1478
Juaanma,1761
alex145031,1819
YYHSyzh,1809
hhvys,1804
kverti98,1861
liv1n9,1751
Allors,1728
gasin,1907
John_Titor,1642
walama,1736
hell_hacker,1767
wewark,1767
andrew,1890
Neil,2039
Rena_Takeda,1877
_franz_,1681
ransewhale,1664
veljko_r,1704
GODzilla420,1622
albeXL,1726
zhrrrr,1590
kobus,1757
Tagl,1887
ohazyi,1680
xiaolongbao,1596
Ruslan02,1760
littleming,1903
er_shivasoni,1794
StasyaCat,1766
venkat1997,1821
eidan,1857
MrTEK,1801
ami,1975
Okas,1605
ATS,1978
Aurora_Borealis,1767
Legend_Goku,1689
wqss,1563
incompetentCoder,1713
ludwig,1931
Danylo99,2013
tinkoff,1793
hadizadeh.ali,1664
claudy,2049
Turkey,1701
shubhamvijay,1886
Treeone.,1805
Maycon_708,1661
istiak_ahmed,1601
bestFy,1915
E_N_D,1652
gaoadt,1769
physics0523,1712
gina0605,1913
Trote_w,1868
spiderg,1681
dtb_oods,1481
wang9897,1751
wanfranck,1667
lqz,1657
shourov.sust,1777
Darui99,1870
Robin123,1544
caohyang,1432
nikich340,1741
backlight0417,1750
2956331800,1635
I_love_ProParThinkNot,1788
MrBrionix,1801
AlexLuchianov,1754
RohanRTiwari,1720
FThiesen,1716
Conqueror,1842
Heisenbug,1946
llaa,1766
aarcturus,1801
I_Love_CardiB,1707
NASACURRY,1527
Sycamore_Ma,1629
samuraiexx,1592
crazyX_CN,1685
Maxwei_wzj,1616
flash_7,1823
phython1996,1728
Staszek,1793
ilim,1591
RamTararam,2129
soul_departed,1666
kzyKT,1876
satyam.pandey,1857
faiface,1742
Corvus,1827
_Sitlos,1746
beet,2093
Thomas.Gu,1581
BTNeverDiv1,1781
amitruler,1790
from_bd_with_depression,1710
HinataKaho,1581
Pavs,1884
teofr,1791
YazanRi,1804
gustavo.gardusi,1641
loyolman,1801
plutorider,1746
ionanghelina,1638
Artmat,1695
sroyal,1878
GFZRZK,1703
vsriram1012,1641
zzpc,1721
monarch.130,1667
quoriess,1544
ijnhtrgdew,1898
Serval,1824
chinmay_sd,1734
arcstranger,1761
gtpan77,1688
gaurav_gehlot,1801
txingml,1914
supasaya,1972
LazyCharlie,1789
r3b3l,1620
kaushal02,1881
fushar,1930
Dipjal.Chhetri,1769
Maksym16,1529
zacker-22,1645
FLDutchman,1961
C_K_Y,1602
MenOfPassion,1705
13958806684,1794
flyman3046,1775
moyashi,1945
sugarrr,1753
abhishek_saini,1941
n_dao107,1715
anveshi,1810
dastan,1891
opangkteyo,1743
arshad2117,1801
SaveVMK,1897
NuradilK,1713
Ildar_Yalalov,1645
ioh,1629
Mickel,1580
pmooi,1657
lovelynihilism,1579
meetsid20,1787
RCG,1895
qq904822011,1627
xuminrui,1592
Abelyan,1751
inYourdreaM,1973
sayedgkm,1749
baqargam,1702
Bober,1718
p5euda,1614
jacketsj,1583
greedy_me,1832
wangjincheng,1514
Cinzaderius,1668
deCryPt,1695
Greenty_Q,1650
xproxmess,1876
Protap_Ghose,1686
shadowfax,1918
David_Garcia,1524
jwozniak,1917
fedoseev.timofey,1739
Un_Known_A_Worthless_Guy,1573
Ekler,1854
universe-,1649
gamezovladislav,1807
habars2000,1750
dynamite_iit,1590
kuuso,1776
shaeli,1615
joker70,1527
himanshugupta,1739
HIT_Attacker,1758
sntea,1821
karl-marx,1646
madn,1800
rahuldugar,1628
the_phoenixx,1549
bsgnl952,1685
avibrat,1651
WhiteCrow,1973
Gipsy_Danger,1608
lanpang,1821
syncopate,1664
pajenegod,1892
linjek,1959
henryx,1852
r.i,1781
abx_2109,1688
JorreS,1779
Marcel_Ib,1740
pavel41,1727
__Darkmoon,1717
sluki,1811
souravvv,1676
libra9z,1526
sievra,1791
omar23,1863
satyajit97,1549
Amr.Ayman,1662
sandoval.i,1555
Emsawy,1671
R.kh2002,1655
doubidoubixxy,1854
AlphaRazra,1882
Muhanad_Alwarareh,1652
cranberrysauce26,1569
IDzekh,1729
ToErr,1703
200815147,1717
ONION_CYC,1918
XHRlyb_2001,1481
Akulenko,1729
Stump,1616
mkagenius,1672
MegaBidoof,1904
BiIIy,1705
bhargavasaiy,1661
Inugami_Kitsune,1656
myworld,1768
CodyMaker,1788
lajiyuan,1611
sosimple,1576
agw,1653
ljupche98,1602
arnir,1695
Romansp,1621
Mmh2000,1568
s_h_shahin,1635
NVBabichev,1664
loi_a,1860
Em00n,1808
jodik,1870
Husayn.,1891
Apptica,1746
bka_hackman,1630
Naoki_M,1623
Beanin,1736
forerunner,1814
iddilov,1915
ilya608,1836
Mirell,1544
seo,1752
HussienIbrahiem,1846
Quid,1619
thidailoc,1687
abhinavchoudhary1997,1506
Abdelrhman_Akram,1677
Snickeen,1618
fallenClimber,1527
_Jaykishan_Parmar,1554
codearth,1716
pkacprzak,1845
RDDCCD,1670
Matematik228,1746
Ayazbayev_D,1863
jokermakejokes,1741
akshay_12001,1592
4c5948,1400
UselessChallenger,1657
Sugardorj,1892
imAnik,1822
Vedhachala,1704
xuziling,1601
Joxa_P,1508
solarsido,1501
ayushjain1201,1740
end83,1720
DIDCJS,1515
omarosama96,1611
RP_9,1715
zbtrs,1632
WillWang98,1565
kohandy,1526
Kanav_1729,1343
unbelievable02,1751
ismagilov.code,1949
ezio07,1626
iit_sujal,1790
chenyanbo,1902
ibrahim5253,1669
Superstorm4242,1668
nikhil96sher,1789
oyas,1657
Margosha,1699
oleg_b,1593
De.Wilde,1644
buggy.code,1675
Azurey,1708
ardan,1729
rebornplusplus,1717
seventh,1806
memcpy,1595
alavrov,1735
Ra1n_exe,1601
filipeabelha,1495
Omnia.Saleh,1580
cvonder,1529
Huyyt,1755
nitishk24,1712
NormalGOD,1567
Mohammad_Karttomeh,1831
anil5798,1716
IGoodGreenA,1601
SokolovRE,1731
tubone,1755
Hooinkyoma,1601
Addy007,1706
Mem4ik,1599
ryultwo,1672
anikdeyshaon,1522
huangwenlong,1516
Maulik_Patel,1658
Argonauts,1636
1e-15,1679
unknown000,1593
ArtemX,1868
Bfk,1626
I_love_Appu,1594
memeboi69,1598
schureedgood,1695
kwkm0429,1548
idontcareanymore,1714
lstaresinic,1689
sirjan13,1694
alibi,1786
I_Good_Vegetable_a,1864
Vivek1998299,1579
Acnext,1686
Saber_Excalibur,1884
elin42,1686
ukuku09,1738
mukeshchugani10,1567
sega_hsj,1828
alexxx998,1708
iakovlev.zakhar,1956
Cro-Marmot,1891
ibrahim_habib,1764
ielenik,1861
homesentinel,1629
Genawy,1745
GurtejSohi,1702
AleXman111,1879
Snakapkin,1648
JhonnyZaz,1738
andrewting,1503
WildUtah,1860
kimbbakar,1707
rahilmalhotra001,1525
TheTranscendental,1765
ShinyaKato,1585
Gorix,1779
Maxinator57,1734
2525toa,1621
Stupid,1639
anayk,1587
zhabo,1748
FixaPlt,1698
arman_ferdous,1692
puneetrai04,1524
cfk,1972
1353055672,1479
coolreshab,1604
kdedovich,1841
shreyanshgeek,1537
ashkaan,1564
DeD_TihoN,1612
Sokolov,1811
MB1151,1646
SajidZakaria,1462
delete2,1491
hellogaon,1552
dush1729,1832
arasmus,1681
Adish_Agarwal,1594
PeregudovSergey,1601
TigerWolf0713,1552
Erdene,1538
KT_13,1565
andor0,1729
anno,1668
garik_av,1679
moise_alexandru,1433
interestingLSY,1681
FutymyClone,1675
mahdigh,1652
mohamedeltair,1902
perveevm,1904
TargetLocked,1594
hectoradrian_UH,1567
ghoshsujoyiitg,1488
hicodeworld,1720
Emiso,1889
usachevd0,1792
rounddiced,1562
hahahahaha123,1551
arshu,1644
sysu_ryanwang,1569
parasat,1632
alis_jain,1499
kirity_and_asuny,1581
rumblefool,1829
BrunoPloumhans,1770
shubhiks1032,1770
Autaren,1483
nhphuongltv,1901
byh,1537
fatfatton,1462
sraman915,1631
CSHwang,1648
Nson,1834
Marcosk,1592
deepak1527_,1616
Dishant_18,1534
xish,1692
Ayoub.Aref,1466
zeyad49,1558
rms_26,1529
VictorIK,1549
BakerStreet,1673
anishbadhri,1474
Rhouma,1631
prakhar.sinha.cse16,1580
Opportunity,1599
oshibori,1518
Darksinian,1648
DennisPraet,1589
all_out,1763
ayaHamdi,1670
Staket,1729
cthbst,1975
mitansh1398,1489
alimagde,1707
HHzzkk,2000
mathusalen,1881
seungwon,1730
Phanix,1528
navpun31,1550
saksham2405,1730
TUGAAAA,1553
Mahmoud.Ouka,1654
igormarkov00,1691
troyodk,1545
pryanshuarora23,1676
Shaad221B,1643
ialakhtin,1708
JustasZJ,1544
Exeedo,1506
tripPple_A,1734
Sinhov,1633
sekiya9311,1573
ProximaCentauri,1666
zlc1114,1985
shaft,1718
smartnj,1797
kal_kisne_dekha,1571
Joker_98,1621
kzvd4729,1652
chenxw_GGSDDU,1409
SegmentationRight,1714
jaguar1996,1855
cojna,1607
RaduMirceaAndrei,1439
Alireza,1798
Nodir_Bobiev,1475
ymount02,1651
coderbd,1543
Eagle_Owl,1570
pin3da,1821
Vasiljko,1574
xc01,1738
Suleyman.A,1509
MahmoudAlio,1585
Windass,1645
xuanyi,1596
rr1500,1532
_l-.-l_,1614
Satellites,1560
Kewo,1653
Fullmetal_Algorithmist,1644
VinBat,1479
Fayaz,1509
st-Firdavs,1760
DimonGoblin,1572
avi224,1540
buj,1603
radioegor147,1554
Dalisyron,1731
Bekmyrat.A,1689
ifrag,1756
mat_v,1599
1-i,1579
varadadesikan1,1524
raffica,1480
PaoloB,1632
saisurya027,1533
atulag,1507
aayush_141,1497
Yash_23,1594
Jomax100,1536
BobHuang,1606
KSkun,1528
__undefined,1558
nmnmnmnmnmnmnm,1700
showmic96,1607
forkkr,1580
biltharesatyendra,1555
perekopskiy,1623
prince_of_crows,1616
Genlian,1650
Boterphile,1925
4llower,1775
Mao_Z,1518
SiuGinHung,1514
rizhiy,1529
DGC,1757
Roundgod,1927
ianahao,1584
saw.ai,1669
skmonir,1581
AJAYHAYAGREEVE,1631
pica4500,1545
rrah97,1654
patak,1600
ac_fun,1613
romarioGI,1677
ksohan,1685
mittalshubham,1605
aswinashok44,1597
debagnick,1658
bugzzii,1622
rocky8086,1566
kiritoIT,1427
sdcr,1695
Stefan_Radu,1539
reiva5,1641
EroX,1525
gaurav172,1716
ad_1608,1483
bktl1love,1805
Born_Confused,1535
2014CAIS01,1875
algon_320,1705
DFS,1670
ws_zzyer,1460
zubec,1847
Lena19,1661
itachi,1686
thegamer1907,1654
sahedsohel,1812
Nazzu,1648
learner_321,1538
Dysania,1528
TSOGU_Evilkeeper,1418
_nEro_,1615
atakml,1670
sunzhihong,1494
Honour_00,1920
sir.zaid,1603
ErzhaNN,1854
Prec,1714
neko_nyaa,1660
trailblazer995,1574
_DeSeiSH_,1554
r_chesnokov,1779
William2058,1494
algmyr,1639
for_njxz,1535
iskander232,1877
NicolasG,1607
the_timur,1684
ssaxena36,1581
eagle93,1681
Sun_For_Life,1905
aaa2333333,1607
mystery_boy,1616
ashish2011,1590
mislav1,1590
lwqqq,1601
GStnt,1643
adityasingh.1397,1460
singlezomble,1612
oTo_ToT,1747
katana_handler,1694
vist0r,1495
abhayps,1554
psb0623,1573
Dewdis,1615
Abra_Stone,1555
char_c3,1530
cnlarryzhong,1458
samo98,1841
anant_k_singh,1528
Anushi1998,1632
ilikebarryallen,1587
fabijanbosnjak,1547
weixiao1,1575
zsyzsy,1711
9646516,1546
Zin_,1689
loveWithLegend1,1705
hmy98213,1628
dramatico,1860
Lisi,1546
t.yoshihara.ae,1645
xu.ruiyang,1439
wdsrocha,1517
hyzcf,1653
GODOF_Shinobi,1605
ng13095046,1692
antguz,1826
whydowefall,1413
Po6ept,1842
kushwaha_vi,1638
AhmedMohamd-BeatMeIFUCAN,1531
ichigo_o_re,1551
cartrrz,1602
the_codester,1534
Matin.Asp,1677
cclx,1429
AbhiTaker,1649
Joe_Pacha,1833
zhoudong,1451
david1403,1546
spectaclehong,1668
Kirito.LVL99,1638
Trood,1597
hackentosh11,1529
NMouad21,1628
lleo,1567
phuleethanh,1467
somanaik,1572
chetna_13,1580
RaifAkhmedshin,1633
stoyan_malinin,1692
s1dor,1509
danymalets,1525
Apathetic,1536
Lilixin6666,1463
wangxuezhu,1503
fuckiller,1662
miniL,1821
flygrounder,1456
IsIt0.5Rated,1596
pro100leo,1870
Hiren.Vaghela,1623
kamrul_ashraf,1506
Lucky_Sanae,1707
ehsanoo,1611
AnasAbbas,1538
ZXC_ONE,1592
ppraveen,1615
Fiction,1518
SAM_RF,1568
paulica,1786
achenachen,1600
mihelifi,1534
Artichoke,1486
sak3t,1638
Reziba,1714
yaswanth,1649
Baelish,1740
ll931110,2015
nsf25,1637
wakax365,1666
nasgorportugal,1834
s_circle,1573
xuzhiwen,1526
Ra8,1868
Renaats,1636
Saberist,1575
ruslanjan,1614
IldarKA,1499
Gtaumaturgo,1669
Serh.kry,1521
Takik,1566
_PsychoKiller,1668
Shadow,1871
wilbert6001,1525
Al.Pacino,1470
wrm,1405
zjtzjt,1437
Crocus,1605
muht,1744
winforbest,1527
priyanshupkm,1637
Divyansh_19,1545
ipul23,1523
rebecacalazans,1552
lightningFlash,1521
not_casual,1391
exoji2e,1791
Leemur,1710
google-30,1503
thanglong,1527
vivace_jr,1648
OMA,1822
parth_15,1432
limed,1842
MOrGaaN,1581
guptautkarsh028,1749
Amlan107,1474
Aj0,1590
gjc1124646822,1483
gultai4uk_r,1711
OmarNaseer,1608
Kepter,1688
YuliaY,1582
NONELOVEME,1507
desmond085,1625
no0neHearsUsButTheSky,1675
hexisyztem,1560
huas_teble,1543
cheburazshka,1706
HIT_Zero,1582
c0d3_dragon,1524
wesam,1432
TurboSergikk,1892
itry,1525
melehsasat,1525
MrProgramist,1478
Siddharth_13,1500
ROIgold,1504
MahdiOR,1573
wjeng,1529
assali,1506
adbjesus,1641
Lazy_noob,1388
skpro19,1487
apar03,1621
usernameson,1568
Rafaelcs,1652
Zindow,1550
ClaudiuGatina,1391
ymahajan98,1627
BeyondTwoSouls,1560
daklqw,1524
gs15120,1692
Heisenberg4269,1470
wizardleen,1712
Xris,1698
jhorvat,1439
__inceptor__,1644
toor1st,1524
okaybody5,1523
HERTZNo1,1466
batyrkhan14,1739
DaarioNaharis,1568
uchina,1412
MohamedMahmoudHassan,1512
sintax_eror,1675
ssor96,1908
sajibreadd,1556
shivam7,1693
shakib59,1488
nowing,1472
JKJeong,1637
jdevey,1579
Nour_Hammoush,1418
El_Presidente,1546
shahidul_brur,1584
_shanky,1728
ququuy,1496
OmarBazaraa,1855
Maturvo,1472
Alvee9,1634
jacqueen143,1480
LFhase,1505
chb19,1655
Rotcod,1360
kutengine,1977
2390_,1608
-_-_-_-_-_-_-,1616
versham,1557
Rutvik_Kothari,1554
Erythrocyte,1396
rill7747,1577
architj,1515
walrus56,1575
RezaSi,1592
rabbit_lb,1872
Ling2Feng1,1353
Qoo,1642
pedrohlf,1765
hball1st,1530
Legendaddy,1467
cmplx-xyttmt,1512
ghazanfar_iiuc,1637
captainLevi,1520
zengxi,1431
hongzhiyin,1489
polarbear1211,1488
aniket.shrimal,1455
Thanat0s,1595
PKP,1587
HRT-mac1997,1626
epicure,1903
h.a.c.k.e.r.a.m.a.n,1600
HimJ,1591
Victorzz,1440
bounce_back20,1541
zoombee,1528
Mahmoud..Adel,1518
M_H_H_7,1369
Lil.Morty,1638
valhalla_i_am_coming,1502
ricksr,1486
galloska,1789
nanicode,1868
djulka,1302
20155603,1447
bacali,1421
v9fly,1617
LaurynasN,1446
cornhsu,1567
almas.kenes,1408
esolanger,1528
anshuiitr,1467
orzorz_moeDzW,1495
legar,1743
xjl836,1811
Abdullah_Abu_Alrish,1523
ivangorin21,1519
LeMoor,1664
Calm_Down_Boy,1504
aashifkhanate,1522
Bartholomew,1466
Scenic_area,1520
anis028,1449
KOH,1651
serg3000,1550
indo,1391
shhj1998,1505
fr0st,1597
lagerst,1492
Advancingxq,1550
swapnil07,1583
scoobydoo,1539
Coding_genius,1440
Name123,1461
nurlitadf,1489
pavankatta,1455
Aulene,1464
Stilusoid,1501
toxic_hack,1444
DatoTS,1624
System_test_failed,1416
madcoder,1423
lnuic,1605
cy1999,1539
Renki,1552
agoli1,1548
fedup,1553
sharmagkaladka,1557
Oreo_85,1670
OTTFF,1574
HardNut,1609
rmm_0304,1538
Error_404,1439
alexjthat,1772
Vision11,1485
yhha,1515
eLLo,1648
Rainte,1557
MahmoudAGawad,1658
Meleh,1569
jainaditya1408,1448
qzwg7hs,1522
Midorijiang,1577
samyakjain,1362
shizu,1516
KishMish,1487
asutoshrana,1636
oleg76,1578
Darkleafin,1514
ankit_kal,1513
rayhan50001,1412
pushpendra1997,1657
Surana,1485
harryofskyrim,1453
Revengeful_bird,1473
tasotaso,1609
Ilnur_the_best,1738
ZYehia,1528
astro_lion,1308
arpan_14,1509
hans_1801,1536
alimamdouh1809,1529
Hexan,1476
harshit_26,1553
glays,1503
abdulla.ashraf,1711
CrazyDiamond,1451
THE_KING_AWS,1575
mishi_gun,1530
Seyed37,1428
sai_rathan,1513
seica,1589
turbazik,1336
Pigbrain,1513
Me4ka,1523
AlexMill,1596
the_nightmare,1463
mohitk15,1602
GreenKiller,1467
dlwocks31,1510
pokachopotun,1607
k_arthur4,1575
xelet,1547
ZincSabian,1574
RohamKaveie,1471
flipi,1460
BlackCaiman,1402
_EmbEr,1491
AdiZer0,1479
aayush97,1468
forelax,1510
kamalkishor1991,1658
_zombi_,1528
S.Jindal,1534
scube96.,1505
AndreBtt,1543
Top___Secret,1530
madwingis,1590
laspinko,1821
SebVettel,1548
Zyyyy,1460
bouhoula,1778
MavrosOplarxigos,1473
Will-I-Am,1487
jonsnow7,1707
khachdallak,1467
yermak0v,1793
aijey,1629
Nirav_96,1498
hyt2002,1512
euphoriaxx,1406
Tomarchelone,1553
darkhorse7,1565
nishant0208,1462
cm05,1482
lstdiraf,1411
qkoqhh,1600
lauda81,1513
YakovPolykovsky,1782
panda429,1570
ojasvisingh96,1445
kostya_superovo,1370
vishalananth,1540
usuraikori,1509
RinPV2,1584
vatsals1,1532
shivr1,1428
karanbatra,1623
maknunlakme,1536
rishi_07,1694
sad,1616
XzzF,1539
sayori,1529
yerkimbekov,1514
umang06,1615
zhaotiensn,1443
meetjoshi,1613
as123,1422
ts_,1521
princejvm,1386
--void,1246
svenm,1490
g0blin,1471
Prostoegor,1508
Altaireon,1461
MRITuhin,1484
h4rry,1502
tspn,1409
aya_elymany,1457
Pouffou,1433
singh1495,1451
sid_19,1346
ishan00,1634
makonagix,1484
DJUT,1499
AdamantWharf,1468
night_fury208,1426
mousatat,1407
arian000,1414
samraat1,1517
medamine,1499
vu.vth,1507
diagon_alley,1502
adalberht,1509
artimis_me,1463
goo9,1591
Mmcoder2017,1356
manu1311,1815
ANK1T_S1NGH,1602
sara_elkady,1467
dwh,1489
AngrySeal,1456
kid_7391,1632
SonOfBits,1518
pranav0123,1684
Kuzia,1478
meowmur,1654
Specialist,1375
sipahi,1775
Gautam_009,1503
barbora.david,1411
MazedRupok,1516
zydsgwan,1431
danila1999,1564
sepehr81,1595
Dimasichek,1578
aman28rwt,1506
yudgin070707,1622
R3Dcherry,1556
moguta,1626
flyingpurplepeopleeater,1665
NiuBer,1478
Zaher,1670
Rzoro,1530
imlk,1493
Fighter.human,1539
Karles,1568
Dr.Banner,1482
fffeelipe,1592
huas_lqy,1526
flower_dance,1486
mosta7il_,1619
sergovoy,1477
EnglishStar,1479
ghsrv2,1487
BJUTwangyiming,1510
a_kk,1551
GXF000,1476
MaRos,1526
SPatrik,1501
reck_less,1480
Pro98,1418
aumit,1477
alesyaivanova,1686
marcose18,1673
nitishp,1515
divyanshshukla13,1621
Shrey97,1366
semjon.00,1525
KillYourself,1455
HPUSDP,1489
FastLine,1512
Failan,1449
Anxdada,1480
bitman_123,1488
NaDaAshraf,1508
OlegZubkov,1726
gfws,1420
dp009,1469
mikeweat,1663
akash1509,1511
gamenewer,1511
gomu,1564
TSky.64,1593
Negar,1472
allenite,1365
Nirav,1440
fucking_foggot,1641
ccutyear,1553
kyaryunha,1351
NRNR,1477
juruorg,1512
rdd6584,1402
Deadpool_1010,1351
Chilllll,1486
AbhiKudo,1569
fold,1618
Dehaka,1514
Chenqiqian,1549
NMR,1449
chenyx2001,1415
little_bit,1471
borisshapa,1518
nizi26i26,1461
spectrums,1567
Aragonro,1513
trilisova_z_function,1549
MusfiqxShohan,1380
temp6,1500
yp0416160202,1498
SuperJava,1472
Alexit,1653
abhimanyu.ch,1500
carsonbradshaw,1485
Punisher_,1367
sxy_to_the_end,1601
Hhbenson,1498
nahid08,1456
Quang_Nguyen_Duy,1345
SecretSuperstar,1575
math._.,1555
atulac,1402
pa_ra_pa_pa_ram,1499
sonicaks,1600
kishanradia,1385
dohchuk,1554
Platon_Marulev,1443
Frank0618,1503
ol1v3r,1542
nikitazhavoronkov02,1533
HashSlingingSlasher,1466
xxt,1431
jkeyser,1523
123gg123,1163
Retro3014,1562
CyberSword,1706
ManasG,1626
Kosai,1871
Badry,1655
ace201m,1510
CrazyMerlyn,1564
queragion2726,1582
shturmanglyuk,1561
jinsang,1443
Fred_Flinstone,1652
cen,1789
back_slash,1370
asvasil22,1498
escepta,1676
thevividlistener,1537
M.Sharifi,1555
freeloop2,1556
T1mka,1710
Lhtie,1679
xolm,1794
compiler_101,1796
alter027,1402
zdw1999,1513
hopeyoucyf,1659
road_to_red,1452
__Policarpo,1497
_nothing,1598
cuibst2,1918
Angel.Yan,1349
Vardanyan,1629
EmanuelNrx,1956
xb2403,1585
shubhamgarg18,1647
Christi.G,1437
chopikus,1493
Carson,1522
Osama_Alkhodairy,1636
watch_out,1653
red_one_fine_day,1614
veeshanoo,1420
Markomafko972,1666
Amerisma,1595
andrewtheodore,1742
comunodi,1832
0-_0-_-0_-0,1421
Dmaxiya,1758
chort,1338
Demerzel_IV,1683
konodyuk_ne,1536
bybag,1462
NEU20133823,1838
Erdenebayar,1650
Mugiwara7,1607
MB81,1597
The_WA_Master,1487
QqQq,1667
WorkGroup,1630
Yoomov,1510
phoenix-_-,1522
laonianrencaozuo,1653
bugaosuni,1612
gone_girl,1769
HDevillez,1763
darkHacker,1470
Black.Monster,1636
BinONE,1569
dheeraj_1997,1606
Le_Savage,1526
lavina_jain,1635
Huvok,1674
BlockChanZJ,1526
KhaledAshraf.,1388
voxel,1486
Alhelal_bjit,1436
DEathkNIghtS,1582
ivan.sachkovski,1490
magister64,1408
Vlad1k,1610
ToadDaveski,1493
Perfectxx,1726
udashi,1520
PurplePenguin,1628
codestrophe,1408
lxn,1762
OysterSource,1463
oos1111,1540
_FariD_,1399
Dont-Worry-Be-Happy,1531
abrunoaa,1460
Artiprocher,1535
kigoe,1553
SoItGoes,1437
transporter,1325
shaufi.imanulhaq,1354
heiisenbergg,1483
IITianUG,1681
shahed_ahmed,1559
nikunjsoni,1563
Die_Welle,1719
Royal_coderrr,1558
khokharnikunj8,1623
bortol,1587
fdfdfd123,1734
hepic1,1545
ghoshsai5000,1388
aniks2645,1536
kek,1642
JoseA132,1461
Umbrella_orz,1511
winsome,1570
ksyx,1327
viky08,1559
leaf1415,1741
dasper,1477
abhardwaj1998,1457
EntityIT,1401
nandu6177,1414
devACE,1481
SILA,1324
386520025lzh,1551
kryptox,1643
lenijwp,1482
hardLuck,1476
Hossam,1592
Sanitator,1383
xuqipei,1403
abhineet14,1613
naksh9619_,1498
aka_friction,1462
kakarot010,1472
sojiro_seta,1432
zzxzxzzxz,1775
Harshad,1527
reverse_macro,1340
Mohaimin66,1553
Rajib_119,1664
m.boniecki,1529
Nickname124,1488
kkw564,1409
dreamplay,1833
shinimashzi,1537
prodipdatta7,1478
steinum,1470
mapa,1717
ami_ammur_bhalo_chele,1388
OTK,1831
JoseSoto,1529
KirillShin,1636
heck,1405
ssharkk,1427
jyz1232012,1489
Karelito00,1505
zhuolang0,1379
xSnapdragon,1554
Hilonio_UA,1416
WHZ2018,1431
KidsXH,1452
lyhlyhlyh,1690
ios,1481
algomatrix,1448
sandeep007,1540
harshit15,1485
270Bytes,1488
I_Love_Zzq,1417
thesparkboy,1503
playing_it_my_way,1417
Phos,1502
ayatsuji_tsukasa,1620
biochem,1513
YazanZk_,1504
Soul_Full_Of_Thunder,1600
nikesh04,1393
purple_sun,1645
Lakh,1443
Tlalafuda__Tlalafu,1484
Imaginary,1547
ASH_9353,1376
Brankonymous,1339
joney_000,1434
stevie1024,1529
I_love_Palindromic_Tree,1811
ashok_,1382
wyxourlove,1660
shishir_roy,1438
ProLights,1606
sadman.rizwan,1435
captain_deadpool,1509
jahas,1461
harshitcode123,1449
stone41123,1429
kosmas,1422
mohammadjamil994,1453
Siegrift,1487
UnifeiContests,1519
ThunderStroke,1399
NaziOtter,1475
s6088,1373
MrFiredHD,1363
tanny411,1464
Sparoow,1382
ZxeniviT_Biji,1528
Tanmoytkd,1665
samshad.ru,1318
Mhammad1,1823
mahdi010,1499
S_A_Babaei,1468
Sokurov329,1399
b00merang,1389
Mahinr10,1365
F2LES2x006,1266
Oclewx,1497
hrbcustx,1418
rezaulhsagar,1464
ravimsr06,1524
ab47,1443
MarufKaraev,1520
ujaval280498,1515
Ivan_Bondarev,1657
hungryfool,1437
aldaiarov,1656
arithmatic_logic_unit,1485
malharsk27,1579
moonsky,1409
Linese,1515
shaanknight,1487
evil_morty,1415
AC_yulou,1434
Jefri_007,1468
z3r0dmg,1459
piyushgarg2425,1479
MRashad,1403
nicklaw296,1418
bloodypredator,1331
high_kii_savage,1484
jenish9599,1425
sckalrter,1484
unknown_exception,1409
Q1143316492,1377
segnateai,1365
-pei-,1561
atrophy98,1400
SHAMPINION,1523
rtgvcd,1368
noob__coder,1359
free_hit,1484
imilki,1528
kirillpt,1215
BuLingReactor,1593
QuwsarOhi,1456
Idonthavenametouse,1556
mostafa_mohamed22,1434
vikas_nitd,1515
Newaj_69,1364
enigmaavkm,1397
F.A.H.I.M,1481
mk13579,1571
atmshiblesadik,1418
SandraS,1423
govind53,1307
nkb,1403
Reayz,1612
BreadButter,1482
Baketa,1398
NelsonMondialu,1524
hafiz_samrat,1309
MuKassab,1476
George.Samuel,1398
rbenic,1714
vishal4556,1858
KulikAlex,1425
DimaTC,1411
RaFiN_,1288
tbrekalo,1487
code_baker,1298
ruskinmanku,1390
occulticplus,1482
rivenhk,1491
A.H.Ghaznavi,1381
Hemnath_D,1517
suyash93,1365
aleksistoren,1469
__Tasnim__,1476
unreal.eugene,1516
Rat_Hi_Victoria,1485
Mahamed.Salah,1487
mudit97,1371
Dsingh_24,1559
amirsmart,1397
mikro,1371
daihan,1331
S0lus,1377
darkprinx,1321
catTom,1526
Jynx,1534
vikas,1455
jack92657,1654
darknights,1329
GooYap,1452
Qumeric,1690
jianghaokai,1269
Arpan_Bhowmik,1549
Misu_Dey_1404108,1513
DumplingMew,1463
supervillain,1543
Chutzpah,1435
jaaguptamme,1354
majiyabakune,1496
MForest_2.7,1554
m1r,1337
napster202,1343
cantaloupe,1422
tanasaradu2,1401
officeyutong,1456
23forever,1480
ahmdalgendi,1430
stevenzhang,1569
wgr45097,1428
shefin.cse16,1423
Subhashis_cse,1232
scorpion_guy,1375
magneet,1532
blankvoid,1379
masitan,1480
Leaves_,1598
studentnitk1,1396
recurze,1435
sonu18,1327
ssavi,1473
ms_huseyn,1338
ahmedsharyo,1351
kamal01sharma,1415
RaBeka,1503
moha64,1339
Ehsan_sShuvo,1418
PinkRabbit,1843
Myrthan,1422
imran83,1408
dhruv.dhingra11,1461
StannisTheMannis,1342
ZZZZZR,1444
razouq,1489
farizazmip,1573
iahmad,1402
Dynamic_Ovi,1439
--UMANG--,1390
CarteiroViajante,1372
AmdSadi,1377
tanyacheremkhina,1544
rodrigoluna,1323
smokescreen,1431
hkr_I,1436
Sharif01,1373
AboSalaah,1426
VlatkoD,1390
nshul,1492
i_am_groot_,1480
arnab_0017,1520
AhsanRomeo,1431
cxzx201708,1437
Hassanosama,1521
random__,1531
sh0t,1448
reader2018,1495
nevermore,1547
D-Coder21,1475
Timm27,1380
izat,1488
avoid_brainless,1224
racheriunicolae,1357
SamLJack,1421
mafagafogigante,1474
sandychn,1477
ritesh_malav,1365
iamSadee,1410
E-Maxon,1541
4kara,1502
ErvinXie,1400
NotSoStupid,1670
Infinite_S,1293
shashwatchandra,1400
Michael_,1182
Aayushi_Bhardwaj_Pataka,1389
saahilk,1547
abhinav_2812,1397
sjc061031,1428
simonmadson,1528
unique_digits,1549
RTA,1321
Nurymzhan,1414
Underdog_eagle,1390
Vshining,1371
sunkuet02,1554
wondover,1418
Math_Master,1464
Vlad_Polkhovsky,1426
cmplx_coder,1328
serjik,1300
A6455,1400
Imtiaz_Riton,1335
Tamim028,1317
iLeGend,1290
QAO,1367
b-aza-lt,1353
Skyscrapers,1515
yasminealmohandes,1493
aDarkSide,1431
faisal47,1493
hankeke,1414
KyRillos_BoshRa,1475
evmenoff,1278
AcidWrongGod,1719
Chanis,1468
pantho,1325
Mostafa_Hussien,1348
quhengyi11,1402
nervend,1415
mh755628,1376
fyras1,1523
IIUC_minhazmiraz,1428
scidylanpno,1761
Mohamed_Moustafa,1338
hacker98,1235
Harolinch,1213
DSRub,1431
Taran106,1463
pacemaker_yousuf,1278
nayan32biswas,1319
Suvrajit,1150
rajaienassar,1368
Gravity.Code,1311
Avilash__Dutta,1390
onevsall,1324
burhan103335,1485
gitesh18,1388
AcceptedMonster,1389
phibrain,1167
hk_cnyali,1504
chen_zhe,1484
lyf2,1457
IIIIIIIIIIIIIIIIIIIII,1445
bevish,1396
WhiteKing64,1566
ykrop12345,1246
Scayre,1435
easyproblem,1399
Makushi,1352
tomandjake,1364
JoaquinManuel,1381
Nordway,1346
abs_1998,1386
Kino,1491
dayamoydatta96,1428
eset.zhusupov,1332
Alamin_just_I_feel_You,1424
omaragha,1288
Zooma,1496
sankalp_02,1385
Z_E_R_0,1355
938936,1472
dormantbs,1472
Aliayc,1475
kushwah_1,1325
shuvo_shaha_csedu,1326
xsthunder,1370
Cherubim,1420
basel-99,1343
ayaNader,1400
MohamedHamada_,1491
Amaryllis3,1471
ahmed_elmotaz,1337
dmh1528,1477
Hesham.elsahhar,1426
marshal4world,1467
Ros9,1472
nayakanup,1300
Heshaam_Ali,1302
NAbdulla,1461
_Dreamer_,1350
nobita1234,1308
__--R--__,1390
_mkbhd_,1577
Danz.cpp,1326
Wattonz,1361
uzumaki_naruto_,1404
AdzearDisjudge,1521
bogotolec,1502
ish_codes,1377
Zlobber,1400
sejinik,1237
Alfredo_12,1375
sydlcs,1715
edy_talent,1386
losmi247,1252
Grandmixer420,1294
nitishcgupta,1228
unranked,1457
lucianovr,1481
XsliferX,1471
_romanchick_,1439
c_AG,1346
luoyuy,1353
robin_aust,1325
Dhairya472,1278
hotcodex,1221
adi_1997,1376
Evlampiy,1380
Jay_13,1341
ValgesMalges,1430
Diwanshu61,1413
Code_Knight,1381
mahade31,1371
sniper7,1425
aspirations,1469
moamen_ahmed,1275
igorduarte,1459
pk1210,1349
HulkBuster9,1382
Gabbar,1392
Shahriarsony_Sust,1411
Cyber-gh,1311
samarth491,1453
farhanshahoriar,1415
Vmorish,1376
fane_faiz,1369
eZZZio,1509
zErO_0,1355
deepak_d14,1363
code_code,1320
KasMak,1438
Synthra,1499
EdsonSousa,1357
chamow,1401
mriganga_10,1366
chandan5284,1402
mohit.rock2020,1345
liuyuanche,1416
iMac,1246
meet_m,1473
I--o_o--I,1416
Abdelrahman_Elhawary,1272
_Kodesia,1398
akashpatil219,1473
Mujahid,1390
nhandoantrong17498,1434
Shahidul1004,1342
YashPratapSingh,1383
obuj.galib,1363
jisan047,1438
PRT,1361
scau16boat,1385
TzuWei,1302
hyper_serrriy,1354
adarshmisraa,1214
Lemniscate,1284
vaibhavvg,1561
025-22643-Dias-8,1197
Shahwat,1369
larryboy825,1403
shyam49,1323
nivin,1371
roy,1293
Procastinator_25,1466
GravitationalWaves,1318
nesar_jony,1277
24khandsome,1456
Biig_RaSSiaN_BoSS,1304
Roout,1318
heheh,1349
jadE_14,1320
negi_da,1331
Yousri,1277
prabhat236218,1285
Shuvo,1435
zyper96,1237
Fedosik,2108
kumar99,1363
theilia509,1443
U2yr7,1297
JAM1729,1468
meowcyanide,1440
jhonber,1312
sen1998,1380
Systa,1304
__timus,1368
topzera,1465
r_0_0_t,1283
dmkalash,1471
Miss_Rentar,1564
protiknag08,1388
_iconer_,1489
menma_,1474
rishup132,1341
Keincatus,1465
Sasuke0004,1244
ankitraj,1281
haonan,1404
honey_,1464
ReZa.BN,1211
claporslap,1110
PP_Paul,1258
ccd97,1312
Alance,1488
qwertyfive,1350
dcshin,1242
oscar.rondo12,1491
spascho123,1330
ransac,1481
-albus-,1430
architect034,1464
A.Magdy7,1734
fastboot,1265
knowbody,1487
KIBRIA_22,1421
sanidhay_21,1346
ben741863140,1413
an0nym0us,1396
higazy,1470
CodeKracker,1314
Lolilover,1481
ioli,1376
mazicwong,1510
Naam_Nai,1385
anshul_jindal,1439
al.noman,1235
michelledilbert1,1344
AJAY_VAIBHAV,1410
minatoNamikaze,1456
Wael.Al.Jamal,1365
ishibashijun,1450
mir003,1416
imntErik,1172
deepanshu1996,1323
KING-SEN,1330
sujeetkr,1387
z472421519,1389
NoNameError,1447
jack04,1529
Acceptologist,1456
Dalp,1384
DASmirnov,1435
StupidPsycho,1308
abh_u,1333
ganda_coder,1326
Dream_kid,1301
turmezzz,1384
MitsuhaMiyamizu,1355
Mohamed-Mostafa,1329
UnknownOne,1462
luchy0120,1407
Tezzy,1388
stormtrooper1859,1219
www.sagarb,1273
abcd40404,1474
saifkhan007420,1342
mbhandari7,1394
Shinigami007,1259
labib,1359
goyal_sidds06,1365
O_____O,1299
darkCoder2020,1231
mohit_m1,1427
vishalb_shingala,1415
a_bot,1272
ani_anand,1360
aknur94,1212
ltt,1353
NaimulHasanNaim,1300
5murf,1416
I_love_penny,1319
Orpib,1398
judmorenomo,1363
TheOneYouWant,1449
Marcus_,1235
nayeemahmed24,1229
R46n4r05,1327
Sergan4ik,1322
HasibulhqMoon,1242
supernova.,1172
Morshed_Alam_Raju,1159
Adi_Sey,1250
dkp11,1377
sundar10,1379
Shahat,1407
durbin,1357
lvt_rsh,1267
tahsinkose,1460
ag157,1374
KORZINA,1118
faelyx,1434
Otabek_Toshkanov,1360
the_belal,1323
eKayesOrko,1303
rgb193,1246
ramini1996,1226
sam_267,1422
d1skovod,1378
abhigeek,1473
LS_cak,1437
Bleedpositive,1362
divyansh1802,1317
victor_ilvovskyi,1470
fuad036,1147
SHAZzZ,1383
KarimTera,1331
tufaan42,1378
loongnight,1231
ZCDHJ,1369
Luminous_271,1447
johntsung1,1268
we_dont_talk_anymore,1316
2016014402,1377
PPnT,1237
black_demon,1402
DanilMir,1264
scube97,1412
_Darksider_,1522
ArktinenKarpalo,1506
sjain_19,1429
adobemomo,1407
groot_27,1299
surajkumar6424,1369
HNP,1351
maximgran,1482
Z_15,1302
SH80,1455
ayu111,1377
ffat20,1336
frandux,1281
-_ALTYN_-,1297
AlmostRED,1285
IanAlbuquerque,1497
md_mahbub,1340
a2931543,1459
adfwer,1457
dhenp,1535
SecondHandle,1212
mayankbpgc,1374
Amo_Woo_Jiho,1309
Tunesh_kant,1330
MHerob,1393
Abanob_Emad66,1267
MoodyFares,1473
ccl,1388
__B,1376
saihemanth9019,1263
Anonymousrr,1444
marginal,1315
anant_1234,1328
Caesar_,1355
DD_BOND,1248
isaifulislam123,1366
zc_dalao,1436
kartik_24,1289
archit4077sh,1394
harshit601,1377
sanjay_nath,1275
av_123,1343
fabian,1244
uttom_akash,1237
Nightshade,1307
kooljais24,1414
sd_non,1349
hit023,1141
enaim,1390
Arabchik,1456
Italo__,1415
BinZhao,1704
SollicitusBoy,1305
alessandrosolbiati,1301
prasunn,1328
Mahakarma,1415
strizh78,1390
greed_088,1206
jayed.al.hasan,1270
gaoshan274,1365
jiankoufang,1249
NishantAryaKumawat,1324
TangYuanqing,1288
Omar_Emad,1250
Xi_Jinping,1413
SaiyanBlood,1228
prashanth018,1201
IfElze,1238
ujjwal22796,1276
kcaladram,1229
cgfs10000,1443
Silent_Warrior,1214
fuad_ahmed,1369
arpit040199,1460
daffodildiku,1402
_Maestroo,1194
a_d_i,1478
alshahreyaj,1266
YasmineMaheeb,1320
Sem_1337,1378
watashi001,1397
harshit_23,1331
dchao99,1296
sandeshghanta,1427
smm.mojtaba,1370
sandy_033,1256
bfffsdw,1364
Febrin,1332
avenger_black,1389
prakash14,1416
makarfi,1281
harsh999,1328
alpha_killer,1453
mahi.mahidhar2,1453
Tufayel_LUS,1252
rkstalker,1422
NadimM,1419
Tonghuimoi,1342
Elwazer,1373
SI_AM,1332
Nodirsher,1459
aurko96,1343
Pondorasti,1328
_AhmedHafez,1356
Zayed,1282
limboguard,1252
willzinhodasmaratona,1336
LOIdfkdsmbd,1453
ayush04,1307
JoseCarlosVM,1402
VTR,1446
Zhuhua,1401
nonsense,1370
Meheraj_Hossain,1205
anvesh16,1284
sinnersneversleep,1387
mohammad330A,1316
DaiyanNooryDahy,1233
aro1,1292
zizo1998,1164
MongTing,1266
Mockingjay,1475
DashdavaaJargalmaa,1247
dynamicprograming,1411
Mazen_Tarek,1364
aakash2007,1188
xuanhuangwendao,1293
SpecialGuest,1530
Khale.ashraf,1152
boatmuscles,1300
animalcoder,1402
agamanan96,1404
Shashwatj,1303
red_dust,1360
kostes,1374
fuckoffff,1034
tkysss,1451
Joarder__,1452
wty2003728,1317
NEXUS02,1385
gts_47,1429
Himon_PUST,1217
Dmitriev,1419
Wolve_rine,1300
VitorM97,1392
Ivashkaization,1291
_Not_Found0001,1170
guka777,1364
gaganlohia,1252
wawawa1998,1450
Infinite_A,1303
mudit_garg4,1454
BaSSam_RaMaDaN,1232
tourist111,1450
ayushmalpani21,1346
dreamrunnerRussell,1206
hasan_356,1498
rustamkus,1413
badcw,1396
Paradosk,1248
CodingKnight,1122
mePlabon,1308
Muhimin_Osim,1268
tagirHmt22,1561
Double-D,895
Anubis,1361
abhigyank,1580
I_love_Pramila_Duvedi,1217
pavelex,1343
inzamam_toha,1155
starboy_jb,1233
bhupixb,1285
Karavaev1101,1174
0raghvendrrao,1231
Dreamy_Idler,1424
tomato_soup,1464
banboooo044,1355
letmeC,1354
PP_123,1240
hellojarvis,1381
Jasse,1167
0-_-_-_-_-_-0,1435
snovis007,1349
flakes,1282
GAURAV__404,1185
lOnewo1f,1363
yash.jain,1243
F.H,1063
Peregrine_Falcon,1260
yizhibaiwuya,1202
apoorvkumar91,1424
adityaramesh,1448
shishir.hstu,1210
algoholic_98,1207
Arrias,1296
Tejkiran,1331
terminator222,1266
sm_hemel,1326
_Halim_,1343
baazigar_,1319
gaurav15,1523
cjcjcjcj,1268
sajal_1415,1324
ganeshregoti,1357
FidFenix,1375
astinaam,1358
aayushmeghwani,1309
HackerForces,1304
NoIdea4G3G,1447
MTRN,1276
PRANTO_DAS,1333
GoldenPotato,1447
biggf,1447
daiota,1357
coldEr66,1333
Dexter420,1250
slow_coder4,1178
pinak08,1283
619492520,1364
ak_718,1235
booleancode_01,1276
Arnobkumarsaha,1281
hiddenhopes,1284
umnov,1411
programathemacian,1292
vibhavcode,1328
Stupid_G_u_y,1521
sayemPasha,1254
Codamritansh,1320
gethighoncode,1365
Saurabh303,1269
Belal_CSEIU,1110
arafat_hasan,1276
Rijoanul_Shanto,1214
MN171,1156
rahulshoy,1271
Khaled-Osama,1388
Loftier,1384
god_father_007,1411
AdolfoAiresSchneider,1305
dvr.study,1403
code_beginner,1265
sid_8489,1440
RealDAN,1273
Ekhi,1347
nbfynbfy,1416
vsrtsh,1076
Rating-INF,1410
DIMASIKMEMASIK,1369
basicula,1347
joylintp,1352
Waxa,1413
tanus_era,1437
Aanonimo,1043
HCPS42,1381
ogrin_knyaz,1298
Bisnu,1214
sajal1302,1412
adzo261,1353
drifter.kabir,1120
giovaneaf,1328
thunderstorm_t_f,1412
Ycrpro,1414
shalu99,1196
qwerty12345qwerty,1198
_c_k_r_,1361
dhrubo,1302
alda-onggar,1236
mikle111,1349
179000,1407
Hamza_Abusnaineh,1267
tarihdamir,1315
007-21653-08_AsanalyS,1156
klykov,1101
AliTarek,1106
Katerina_Vladimirovna,1435
Nihon_no_gomi,1227
Arian_Az,1222
AayushSurana,1400
IITGourav17,1298
LegendaryNewbie,1236
woong10sae,1349
MadaraU,1163
alevtina,1311
I_love_jenny,1301
alireza_kavyani,1235
_WAautomaton,1352
anamibnaharun,1241
AAR_KAY,1443
qwerty_9,1283
AmEr_Tinsley,1330
msagimbekov,1544
aMitkvikram,1321
xyr,1346
Crazy__Coder,1079
shubhankarbhagwat.sb,1249
Yashar_H,1266
Raihanur_R,1246
kingind,1248
SebaMarin,1441
AmiBiyeKorteChai,1418
tienthanh214,1363
pcelly1498,1236
EON_KID,1333
ayushrungta,1297
Mostafijur_Rahman,1124
ZBeast,1352
Setako,1235
stark_360,1268
love_Sasha,1252
zankyou_von,1252
Dipto_1205076,1122
move_on,1171
ravor,1304
Road_To_2k_Rating,1261
BILLZHOU,1442
1615925431,1290
anomander_rake,1329
CaptainTheBoatMan,1321
namkan,1394
angrycoder007,1229
ishaanrakib4282,976
ak644928,1391
saquib2508,1387
K.Chaitanya,1218
Reverb,1281
sk_singha,1437
badmofo21,1409
Captain1904,1263
kratos95,1150
ravi6252,1183
isku,1105
jack_mk,1223
nikitachaturvedi,1255
kapilnita96,1196
Kadima,1441
ss__1729,1278
kardeepak,1322
piyush.garg,1219
I_Am_DeadMan,1069
Kolyadavydenko,1441
Gargantua,1340
skqliao,1454
shahincsejnu,1384
legendjohn9999,1539
Ehanla0,1404
rajankitnita,1106
_PAIN_,1281
yogi10,1357
empty_walls,1349
Mahi1704,1378
Shafin_Ahmed,1232
lgwy,1406
sorooch01,1413
engiplayer,1486
adelmzian,1006
Daegari,1291
Mobile777,1190
Krasnoselskih_VA_VKO,1185
Rizon_Sunny,1246
flowerdance,1321
Rafiqul01,1269
alphaWizard,1320
devil202,1140
gops_76,1241
hashdroid,1163
bukunu,1265
waleed,1409
Moonfair,1239
3.14-thon,1099
mdrm,1430
ollgromova,1435
kumaransiva41,1161
raffleberry,1347
raghav.blacklist1,1342
Daniel1999,1321
shreybatra,1519
theunderdog,1173
hryniuk,1480
prjwl132,1268
rarai,1377
debasish.pranta,1167
vinit1997,1301
rahuldcoder,1377
vipul.jain,1414
kesagar,1434
r_cube,1114
test321,1438
linix,1167
AhmadLoiy,1205
HeSeesEverything,1235
X-Ra-X,1330
KITU,1337
wolf2014,1271
shariful.alam,1218
ztxtdlb,1438
NovikovAlex,1281
r_h_r,1284
Esma,1260
Anonymous_420,1024
Snob,1438
Osea,1253
Nnemr,1280
mittal21,1369
caen,1476
LouaiZahran,1245
Kestrel,1236
hungpv1302,1346
gautam1212,1308
BYEOP,1310
IlhomjonMuxtorov,1304
Yeori,1398
sarthak0797,1233
levochko_vlad,1399
Surreal_l,1384
wenerwagner,1254
rank,1418
rudr,1319
sabertooth,1223
SuperGCD,1464
tanya8,1060
Aaman007,1210
Abhi1998,1127
just_code5566,1091
mukesh_008,1084
bigsec,1296
Roham-family,1342
shivamgor498,1271
anya171kravets,1370
vietanhs0817,1257
MMZA,1015
ashu326,1208
skywick,1283
karanrox98,1308
adityaraj_005,1232
yatendra1999,1352
xuzhifang,1436
HiOkami,1436
SoImPorTanT,1294
karim.,1173
Mad_Andrei,1553
a_h_k_81,1295
SupreMo,1314
Lobanov_VAVKO,1429
Alex2700,1363
Oneshot,1601
keysersoze,1282
pecha,1698
Ivan_VAVKO,1210
kawazu,1358
Galaxiie__,1295
_goku_,1348
kksl,1384
Ghost_Soul,1375
warc,1488
bob171998,1403
Crazy_Dream,1426
AkA,1407
Jeez,1362
sakhawat1163062,1080
ornex,943
sagarthecoder2,1234
shivaleela234,1288
JacquiwithaQ,1331
manjuransari143,1435
Zamzoum94,1161
audaz47,1324
lazare2002,1317
vnd,1316
ceviri,1686
SashaPROS3,1456
AzamaTik,1300
chiefsan,1284
I_am_Hokage,1322
rithp9,1433
Programmer,1294
Fasalytch,1398
003-23203-Ayan-8,1434
BagInCode,1452
BekaAbU,1276
Ayman.Abdelwahab,1354
I_use_Brute_force,1264
deepcpp,1500
LilStalker,1470
The-King,1259
chucha,1371
zhaominyiz,1501
AlexandruOlteanu2017,1413
SamiulSourav,1347
Enigma97,1181
nkorobkov,1486
MidAndFeed,1318
WorldWeb,1502
Jay_Mahakal_Baba,1342
Eropka,1425
Siriuslight,1400
_Z_,1431
hamza_93,1149
jskim21,1315
Vito_Corleone,1231
chessdroid,1355
TAISA_,1311
noobied,1382
low_kii_savage,1400
rohitthapliyal,1334
I_love_Ellie,1486
saku2pf,1406
heyyeyaaeyaaaeyaeyaa,1422
Brainrequired,1235
semyonkozlov,1336
snv2,1431
pankzkmr,1298
qedpi,1392
yashk,1354
bhj2001,1335
ttt,1220
snowwontmelt,1640
Sudo-i,1431
hxtscjkhxt,1298
EKnight,1321
pedroh,1291
Bekanazavr,1311
hugewarriors,1210
mr.omti,1178
himkha_100,1301
baniyacoder,1331
dipankar12,1401
work_harderrrrrr,1160
AnuragBarfa,1314
a7meda7z1,1346
cshuenss,1260
mitchell.seven,990
Hanano,1369
yAsH.jBp,1312
Ranadev_CaptainR,1288
KyrieL,1211
VictorMinsky,1191
Ab.Sultan,1293
mkbmc,1332
Taksh,1288
0o0o0o0o0o0,1336
wrick,1444
AboveTheHorizon,1336
Kamerton,1317
aditya10,1366
Me5a,1408
dannmmaster,1217
Stickman_Pro,1424
yadnesh_viper,1174
agarwal98,1190
andrewawni,1271
Anti-Dark,1429
mimsad,1124
jheel4,1272
Maulic,1355
Salatik231166,1228
111vad111,1261
Physicist_Tridip,947
Revolution_2018,1343
opponent,1175
saluev,1456
reireg,1290
Mad_screwdriver,1112
mihail.k,1335
AspHope,817
SevenDeadlySins,1227
charan007,1197
freedom1jossie,1254
andr0901,1437
SneakPeek,1294
cse160001057,1323
barni120400,1437
lowjack,1103
adityaa,1164
SangBijaksana,1338
aitdccd,1429
Kruti_20,1369
rkece,1149
rshao19,1429
acquaintance,1362
luffy05,1266
Neo2308,1259
ashishyadav99285,1317
SKY_magician,1427
jaker_y,1331
PetarMih,1306
usertab34,1285
driftking001,1219
GodFazzer,1150
MrKoT,1138
maxnk,1397
doshy,1399
nahid0335,1190
AdelS,1323
ni8mare,1381
debjit,1355
_VolCano,1122
ayushchaurasia2879,1330
problem_destroyer420,1460
edwmapa,1230
Nuwaisir_Rabi,1290
virali.vora,1145
silkr04d,1378
Garnik645,1213
Oskar.CCC,1404
Sehs,1182
hazardousbro,1335
KiranKaravaev,1197
Riz1Ahmed,1136
t_brito,1387
darshankdarji,1189
Tom--CCS,1427
ethan_hunt007,1088
Vaibhav1111,1240
tran5i5tor,1427
fengshu,1232
rutwik2808,1247
aditya123garg,1134
8.30662,1202
FayedAnik,1114
qwuer,1116
supachai_pay,1417
Gunnalar,1452
Kamyar,1315
takatsuki,1425
BDA_Fahim,1264
abdallah_naguib,1112
EthanITargaryen,1387
RedDreams,988
l0001,1182
yura_dz,1360
siddharthchabukswar,1201
dhruv_997,1135
whoopsidaisies,1403
quandapro,1372
O_l_G,1115
Dhruba10414,1240
avankyankit,1296
gugmelik,1166
Dijkstra.,1246
lanran2001,1401
stalin_0,1097
Nurpeissov,1376
mohamedaghzal,1109
Sano_Run_De_Fun,1039
nileshjha19,1224
bezvershenko,1240
madmaxhasan,1244
maikoool,1235
Arsany98,1383
SigerYoung,1333
Don_Vito_Corleone_77,1339
Masudur_Rahman_Tonmoy,1214
huykhung2611,1312
sorablaze_11,1497
nSayed,1185
mgg,1260
alamin16,1292
Bansal_Ji,1408
MrBoogie,1424
dhruv23899,1259
oycy0306,1424
you_a_guapi,1155
vikas_chandak,980
frodan,1424
intptr,1142
xexeqq,1368
mitanshu001,1340
yuxiaowei,1134
dfmb96,1411
archi97,1236
sharif_ict4_cou,1232
ansyg,1424
Oriole,1016
vodchitss,1064
imStarlord,1128
didi0410,1424
Bake_,1089
KevinMathew,1358
saiful_azad,1196
Yedyge2004,993
hemant_019,1115
gabish01,1302
rsunny,1462
anash1,1300
Skaty,1183
riddhi.patel,1372
DartDoggy,1267
aniket23,1259
gabriel_hofer,1249
infinite_loop,1124
Dhruv_Agrawal,1327
RampantRange,1378
cod_muskeeter,1159
ghemnis,1485
Nada-Tarik,1035
Verly,1308
susmoy.s,995
zile,1344
vinky,1081
tblaette,1422
rahuliitg,1254
Nickotine,1152
dvijaywargiya,1297
T.A.M,948
Vlad__,1320
EA5,1252
abhishekSah,1288
deathname,1337
HesusCristos,1229
jw_4215,1193
jk15171114,1302
muradhossen,1252
sk_14,1186
Esraa_Farhat,1422
Doaaismael,1115
AbdelrahmanEldakrony,1060
level4,1248
RiverNate,1288
akanimesh7,1371
WisdenCoder,1245
DeepThought42,1422
Mehrab_Mahi,1048
tmanspace,1398
Omar_Medhat,1352
akhilreddy_95,1344
nikatamliani1,1356
omkar_halikar,1050
Whirligig,1081
Ashyrmyrat.A,1232
Kamil44,1317
Yutzu,1289
_O_N_i_r_b_a_n_,1152
kirigaya2,1326
mitali97,1192
fawx,1401
FluxIion_,1280
er.adi2612,1207
aditya.ishan27,962
Ninja_,1342
Nazmul,855
GuomingWu,1311
ishkaran13,1420
plzmailindra,1299
nekhbet.mg.420,1241
Suhi31,1207
Pomah3,1420
BAJUKA,1280
yatin,1216
suspence,1262
thelightt,1318
HACKER07,1420
shs_ryf,1277
apoorvb3439,1397
sajad.n,1310
Yuv,1302
Sid03,1231
shohag_mbstu,1060
Nishtha_24,1198
finn98,1162
shreesh_2106,1338
kush159,1309
ikom,1420
Thegreatone,1291
shishin,1420
ttoi,1257
myatacm,1081
kian2000,1412
mengzhao,1290
aditchanchal,1324
ELMaestro,941
Riladavin,1292
Code_King111,1321
serener,1171
MerelyMHP,1026
DanisHaz1234,1216
shkl,1419
vipul_0751,1193
ranjeet_02561,1086
aman212yadav,1419
eugenechou,1388
Cyanine256,1474
danthanhhuynhpham,973
smyaahmd,1215
Dannor,1283
imaprincess,1243
aLmAHFUz,1154
Rector,1077
IT_14007,1213
shubham11610205,1098
hobe,1011
codecode2018,1337
gasbaby,1226
__beyond,1326
srijonsbzsifat,1216
_XLinC_,1274
ilya_kas,1281
Mahmoud.Mehisen,1287
ExpertPlz,1419
WilkinhoQuerUmFilho,1321
Ferjkee,1127
NahidReza,1170
Anawrmation,1097
prince367,1075
Linkon45,1300
parsa.np,1234
Happy_New_2018,1185
prince9,1046
Mayday_tyh,1290
maloy,1016
avik26091998,1065
reluka9339,1310
_Samir,1367
crystal2017,1321
EkremC.,1403
lasanihussain,1417
kalpit.jain0407,1134
Rushikesh1996,1336
yishuhan,1283
qusaitaha,1002
Nazmul_Nahid,1092
_LittlePrincess,1378
Carbodose,1265
winterboy39,963
alok_kumar1121511,940
rahulshuvo,1035
TwinPrime,1329
bluezone,1417
ghallium70,1297
peace.247ankit,1216
Mangoj,1229
aman110599,1138
half_volley,1108
pranav_gupta,1173
Arhimason,1403
preethikha18,1307
Nauseam034,1185
star_gazer,1134
TheFaker,1246
rishii,1367
Fantastic_Code2018,1156
omar.ayman,1085
sizaif2018,1416
patiayushg,1416
vivekchandela2,1312
GAN,1221
sdore,1217
KAin0,1405
Aman-Kalra,1068
008-19621-Assylken-9,1100
revelate,1416
macho_uno,1416
Saikat71,1152
Razroev_lex,1311
dumb_coder,1087
LZYeah,1385
tushartyagi,1148
CNik,1149
t0whid,1129
niganiga,1351
iMu_21,1416
ahmad_anwar,1250
Mustafa_Magdy,1174
M4gnificent,1256
pals7363,1270
omar_nassar,1267
hrzxbky0403,1403
vvshuai,1331
DanProDuck,1282
Zi_TroJAN,1087
lamegiri,1145
Sashka_proger,1195
Leon-Leon,995
jk15171230,1275
Delara,1252
shihabmridha,1006
r1216s,1089
ComplexEnigma,1011
therealape,1392
mightguy,1244
Leviosa,1246
mahfuzmission,908
singh1294,1114
AlecSandra,1347
MikeFaraday,1328
himisir,857
lunch,1415
Mixr,1152
beshoyhany,1021
MehdiEskandari,1413
sunny97,1110
PTTH,983
ajax145,1115
maj0rt0m,1111
Pritam_Sarkar,1355
veteran23,1083
varshavp274,1410
ayushi09,1222
mohamed8,1413
xsun2001,1343
elistark,1182
albinpaul.ks,1371
ShrimpShrimp,1217
gazi,1149
Itwazonce,1413
Vishal.arya210,1403
utsav30,1321
cstarfish,1413
java_geek,1134
eqxbobik,1146
anujgupta_,1285
Chen_zsc,1174
lazyfahim,988
avtogol1998,1413
Shreyas143,1317
Seyed_Seyed,1077
dmytrii.ilchuk,1415
njha1999,1290
Cytusine,1492
_Alex_,1412
sbk,1084
K.Mostafa,1231
Rishabh174,1412
Cerebrum,1277
valikuna,1308
anand_prakash_yadav,983
Istiaque_Shubho,1046
Izanagi,1004
jonas2940,1324
singh_divakar,1155
tushutripathi,1456
DarkKnight1011,1412
JackieZhai,1287
AMSICPC1,1186
Infinite_Tanvir,1072
iAmAwesome,1297
KAJOL_15,892
bharatgalve,1348
mishviv,1020
GOGOsu_,1412
AtodNevs,1239
ydjrrr03,1411
yashpdf,1229
A.G.Maruf,997
anms_pro,1092
nagasaisujan160998,1140
sarthak124,1411
i._buriev,1119
kaushal18,1315
MURA4,908
yashu024,946
matchet,1322
manaranjanfav,1126
bakrocker,1263
nethish,1045
queuDU,1411
fevenz,1192
CoderGirl05,1314
cn_suqingnian,1411
Naumtsev_Aleksandr,1285
201631103042,1149
IC_COLDSTOP,1248
wallcrawler,1220
deder_hossain,1137
nuradibphasya,1139
tph00300,1329
Exception,1031
DeNiSkA121,820
c0mr4d3,1218
cortexA233,1279
abdullah___,996
iitbhu_10,1410
opu1119,1123
a.kleber.d,1306
Capella,1410
troy,1020
joeavic,1031
SpiffyEight77,1075
Avenger_8932,1410
maybe96,1314
Cansult,1418
mefrah,1159
ymrg3307,1190
Crackeree,1163
Fahim_Hamid,1108
Red4Ru,1300
1321273664,1101
NizarPro,1409
Saiful6854,1041
InnocentHunter,1234
khyati.agarwalss,1180
STLGirlfriend,1409
ahmed_araby,1272
sharmadhruv17011999,1302
ivanakimov,1141
Abath,1203
AbdurahmanovAli,1002
SoochowWzh,1409
Vinay_Katare,947
rawat_ji,1164
Nutstache,1230
_Saken_007,1154
testingwaters,1157
bondhansarker100,1031
SepLite,1053
nabid_anzum,1051
cyclades,1105
thetansquared,1157
nurakib.nstu,1113
msd_007,1247
technologist,1268
yyzs123,1314
Klimbaxoxo,1084
ash_maurya,1319
raihan022,1160
SS786,1408
crackthecode,1023
RafikHachana,1408
kingroller,954
akku_111,1182
sk_singh,1166
Badral,1286
naimur_rahman,868
raj.lath,858
Astronomax,1408
Azimov,1005
polan_,1254
FAZL,1046
aVetrov,1219
hojjat-12,1177
Egorl,1264
habur331,1270
candela79,1056
tryhard02,1407
c1mehedi,1259
batmanwannaB,1218
Birdseye,953
FuryPotat0,1210
sreejith,1019
not_good_enough,1086
Hyunjun,1310
Niladree_Datta,867
abhi13095004,1223
201601414,1218
ankhbayar421,1330
alamin_2014,1109
RoadTo2k,1286
cr7_bullet,1406
nikitagolu8ev,1308
Leobarc,939
Mohamedkamil,1142
Puya_,1294
Ruko,1319
vandreas,1177
durjoy_talukdar,999
MantasK,1053
Stupke,1209
coder_87,1308
NIROB_066,961
CM_HuSaN,1308
Cristion,1330
Srishilesh,1308
milosh,1136
zhenghaishu,999
Tanvir362,1096
Ninja08,1243
YousefKhaled,1056
Pranta_2017,1176
Log_out,925
loser004,1302
mohamed.taher22,1213
saorav21994,1209
t.hollow,1273
codersam4147,1383
Ismailhossain,1014
YaroslavYangalychev,1405
Karna98,1307
agile,1222
UZB_Yusufboy,1154
codinstuff,1140
Seddik,1237
shreyanshkakadiya,1092
Marsel974,1091
kontonkyon,1404
Nivboom,1224
anandz97,1404
_awesomesh_,1042
_Mr.X_,1299
infi,1156
khushbumaloo96,1029
mahdibuet3,1307
remarezk55,943
biancamagri,1296
Playful,1404
a_adel,1087
totito,1195
abduqunduz,1029
rishabhsaraf,1368
Nesterfifa,1188
paulovitorsd,1243
sharpowl_06,1404
Kawahara,1404
wakk0508,1307
divya231998,1061
IvanDyachenko,1231
Kamo98,1225
pikapika00,1248
rezkelmasry55,854
Doaa_Khaled,1119
HectorHW,1415
Salman_Asif_S,1404
Arman_1997,1143
RioRon,1059
sashasasha7771,1312
liubin,1404
AnuPall,1312
piyushkumarmaurya,1297
Bear.-.,1343
krishnmeena,1403
m00nl1ghT,1210
hari43,1403
OathBreaker,1403
Citizer,1265
Rezaafzali,1128
jameer,1254
nauthnim,1263
nltlxxy,1289
KriAga,1403
IIISergeyIII,1264
HAPPY_JOURNEY,1110
koushik2498,1147
ciproud,1197
Mehedi_Hassan,1068
Labiba_045,1088
EvilGeek,1078
swapnilr,1296
K7S3,1402
Saminul_amin,1128
16321,1195
enamul.haque,1058
shreyash127,1205
abv,1256
FluFFka,1249
nuralamcse024,977
nastya22,1024
Ankysony,1019
nichto77,1271
mehedi1196,1294
Khaled_Mustafa,1298
FahimAdib,1039
nj099,1369
S1mplest_gu1,1072
BurkayKirnik,1180
Vervulf78,1162
eli99,1402
algo_overdose,1401
batoolaburomman,873
kiomi,1013
A.Roiz,1401
thesimple_codr,1203
bhawna2303,1213
Arban,1401
SJ255,1389
Dark__Phoenix,1338
vishal3410,1261
masterbios,899
aloo123,1186
sankalpg0504,1156
Thenerdone,864
O_oIzy,1257
muhammad.s97,1401
badal793,1118
singh.aastha20,1215
GiantSlayer,998
Veronika00,910
AcAmer,1109
azeric0548300,1401
reem_osama,1242
TheShahin,1107
game_changer2k18,1494
koramaal,1035
humble_discipulus,1291
ashish11,1297
kira420,985
littlehui,1167
boogeyman1516,836
Koi_ga_umareru,1358
sanju17,1143
mba200281,1085
Nitin1184,1151
fxt888,1211
NGUPTA,1123
Ahmad-Abusbeih,1033
thanthoai999999999,1364
aks6565,1163
wildturtle,1020
SolnCEone,1400
MV30,1090
The_69_guy,1326
Nguyen_An_Khoa,1120
mayakin,1141
colorZ,1290
jarpit,1307
ismaele_atala,974
Topology_l,1095
.99.,1159
struggletime,1207
fahmidafs40,957
yinpu,1399
pks_97,988
ive,1147
meyrlansuirkhanov,1146
minimonkey,1270
bazari_3101,1150
molimonov,1312
Roll903,1280
dragonxz,1188
points,1010
coder_on_fire,1219
snehith_007,1299
Mohammed_Ali,1010
Pratik_07,1233
DaiAramoto,1399
zhugezy,1281
BlackLunx,1214
arifshopu07,940
Barun_Bhattacharjee,1065
454933608,1272
Kh.AssaduzzamanSohan,1013
swapnil159,1233
batra_sahab,1246
Samyrai,1025
itishree1999,1026
Vitamin_r,1181
mohammed.estet,1299
codesniper99,1398
PerplexingPegasus,1048
Shaggy949,1140
Optimusprime_L,1398
Vickymhs,906
kultyn,1289
Redbeer,1130
3bdel_3zeem,1092
shaun,1177
Anish_ubuntu,1214
retardedshrimp,1194
Help2r,1067
tabrez.alam507,1154
betaravan,1074
Fri3nds,1116
CapmareAlex,1272
askfarid,946
riyadeb,1397
Cavid_Afand,1066
Mr.Mister,940
Officer_K,1070
garihc230,1158
BhavnishArora,1053
shccho,950
manish98,883
eR6,1174
Mr.AAA,1291
codeforceish,1028
wclk,1175
romaa_3,934
coder185,1178
Amre_2002,1058
bluishgreen,1111
sns.sakib,1397
kharinipriya,1291
Coding_Farmer,1356
HACKERBOMB,1126
Machete12z,1180
Fcouds,1361
Sagor_Saha,1023
bsef15m011,1314
stasivs,1396
chinmay_ingle,1084
sompreety,915
somik,1055
a_Lena,1201
phamhoaiduc,1054
nipun753,1097
watsonlee,1175
Tonto_codificador,801
Slow_Motion,1029
asg236,1224
sonukr.mourya.ece15,1396
Kogoro,1349
bilalbari,1212
AJ47,1396
itssecret,1396
shashank_hire,1105
sohel_sec,1045
t_ahasan04,1229
ankitprasad0069,1101
XG_Zepto,1389
kj4565,707
rnqforce,1002
snowynguyen,1248
bietham,1395
Domino,1377
kunalvaswani123,1334
poomani98,1295
CodeBreaker_6,1109
sharif2008,1395
huangda,1295
KPACAB4UK,1160
ImShreyans,1022
dipty,882
rrocks18,1322
alter123,1116
rifat.robin,1024
Alex_D,1004
Maruf_Robin,1105
Holly_WMJ,1124
d.danilov,1292
Dave11ar,1340
Ninjo,1179
aravindkarthikeyan50,1127
Agressor,1055
codebug007,1287
L_Ryuzaki,1202
hell_is_here,979
abhi.nitm1234,1314
gamithra,1374
kamran_11b,1089
dae_ankur,1394
Saiphani724,951
dewh,1394
farjanaakterjui,1293
rafid211,992
dennis_H,1193
CrazyOrange,1394
Bhugol,1063
Amlv_v,1033
_tintin_,1171
Keshav11,1394
poko1,886
shadman_shihab,1110
wlyan,1302
arsalan_123,1393
toufiqul97,1021
zotvent,1329
lrj124,1293
hrony,1103
_NRK009,1296
rahulm16,1227
10_01,1017
fenix23,1189
Mzwuzad,1393
R_Hasan,797
fsubhani,832
comevaha,1393
Tufahel_Ahmed,752
mr_bushido,1393
paresh113,808
harshgupta3597,1110
MYTE,963
Voronin_Ivan,1017
1604099_ishtiaq,1202
saurabh12352,1105
Rexdisn,1392
johnson10024,1201
AhmedHamouda,1021
DodoBird,1043
raju_31416,1058
FunnyBird,1119
aahmedsamy,1182
promitbasak,1221
Lapovavko,1304
WAI95,715
Joy_Mozumder,989
hossameldinesam,1287
Aneshr,1168
Mysterious_Assassin,1191
Kekistanking,1392
mohaned_ashraf,1392
The_Wanderer,989
Rommmmmka,1350
Shofiq,1213
Ashay_Nayak,1178
Gryn,1284
menavlikar.rutvij,1330
TheWildPointer,1391
parquet,1253
TIGER_CODER,1172
heisnberg1,1291
kovid_0697,1391
average,937
Nowrose_Irab_Poll,1035
omar_ashraf,1214
Sonic97,1335
ebrahim.magdy,914
pragunsaxena,1235
AyaBenSaad,1067
jamii,1130
kaymas,1271
Nishit_98,1051
Achint488,1122
Aashish_Chauhan,1124
SL47,1391
L0CHINBEK,830
aksingh1997,1290
nayem_siddique_asif,688
zummon,975
DeepanshuJha,1123
0807,1390
RipV4,1327
ritz11,1318
sharma_atul,1161
dvk,1290
VBT,1357
Yaroslav.cpp,1128
codeboy123,1098
artkash7651,1390
mk_02,1187
rishabhdeepsingh98,1250
shifanyer,1323
GOD_magician,1117
lzl,1082
RiggedToBlow,1390
code123monk,1390
muhamed97,1288
bvsravikiran,1195
AlexGor232,1359
jishnusaha,965
Gulam_Kibria,945
Rozamo,854
surbhi28,1250
hasib35,1134
_LOGIN_,995
All_Shahoriar_Tonmoy,1288
des1997,1075
bytesandbots,1234
senin_kafan,1330
marajul88,883
MitAk,1003
Nanaruka,1389
akhilr,1258
nikolett,1279
ItoMakoto,1294
jota.ch2010,1003
musiasha1321,908
027-21779-DINMUHAMED-8,1335
027-21714-eraly-08,1389
Mohamed_Hamdy97,937
Ahmed_Nasr,1103
AR_Nirob,906
sergiuloveskoko,1238
Talk_less,1150
chesskingw,1193
ijk13,1047
Mahmoud_Rifaat,1159
lokeshpatil435,1221
divyanshus663,1291
zss,1283
sachin10101998,1287
Amyth07,1190
NSolomon,1041
AmirKarimi7,1253
ARMACOTY,1282
jdk1997,1276
demidovichv,943
proability,1287
ashique99,928
_Niyez,1388
rash28,900
begaiymkamar,1285
PolokN,959
TheAnshul,1343
drjaat,826
m_nasser480,914
Anirudh_kolaghani,1149
devikvns,1387
Getmancev_P,1183
Rajpatel,1250
golam_mourshid,1220
black.maverick,1326
tatya_bichu,1387
Sajid_Hassan_Anik,1387
s_g,987
acoelho,1274
freeskater,1387
youknowwho37,1116
bolbam,1149
mh4746,1151
___Loll,986
bhattaroshan,1387
IrisChrome,1285
saurav3199,1180
Vladimir_Denisenko,1288
math2do,1056
Randheer,1094
False_God,1005
waledsaleh,721
gradhakrishnan,1294
mostafa_elrosasy,1386
siddharth_paul,1386
xtyz_lyx,1178
Ahmed-M.Sayed,1164
MMR666,1194
Kaushik_Sridhar,1181
VK9,962
lord_rinzler,1386
Transient,1276
tra_dax,1292
Jneror,1339
shreyx,1141
sajol111,1209
Ayush1109,1386
aroni_68,890
Sara_Err,1273
jxn11,1181
sunrise7,925
Abdelrahman_Rawhy,1131
F-Y-Z-B,1005
Ricoprogrammer,1212
Romal_Vekasi,1165
ayasaberosman,1151
harishwarreddy1201,1385
gigi11,1156
darthVader1010,1156
marineCoder,824
mando.ato,1293
intruder_p,1295
no_onea,1195
XYANG,1385
souvik9748,1273
jesika,975
Arshilgenius,1223
Nur__007,1385
minerg321,1385
babulalnitw,829
Lay-Z,842
Akhmad228,798
kanak893,1102
abhisnalawade98,1223
ashishgupta77659,1125
dongxiaoyang1998,1232
Programmist_111,1005
shvam_agl,944
see_saw,1148
Phoenix-e-Re_en,1193
paulshourav124000,1102
ra_123,1384
ASYBEK,1292
sdds7676,1243
Hametsu,1384
_poseidon_,928
pk_rockz,1384
koko_chef,1384
HossamMostafa,1288
ahmed_khattab,1311
v1sha1,1114
Pranay_07,827
Mohammed_Tamim,813
welivefree,1384
Mahathir_CSE16,1185
Apargarg,1185
rh-razib,892
027-24804-SaMgaR-7,1216
kamara1379,1281
arobindo,942
HSR083,1383
AhsanHabib,898
azmeerhosen,971
Chris-,1064
Offler,801
sohancse16,767
nsk06,1179
sureshupadhyay900,1383
minhaz1025,1168
jjrccop,1206
gyf12138,1122
shubham_icpcw9,1184
manbatman,792
border,1165
_Hope,1195
Omar.Handouk,1151
namanjain9101999,1185
Heshamovic,1339
anthonymcqueen21,850
PrFsJ,1205
MohamedSameh,987
NilakshiRocks,1167
N2001,1280
HEARTOWAVE,1215
sagarshukla785,1275
ohmar,1262
Fogelka10,985
jadhavsaurabh1998,1318
ryeashin,970
DNARNAprotein,1382
edimarjb,1382
tahme,752
kvsgowtham,1382
homeiokanishi,792
DSchnaath,849
abhi4890,1104
subhamiit15,829
Logic_Hunter,1096
kasra1382,1056
altynbekamirzhanov,1182
abehayat,1088
microwhitecode,827
Orion,975
DUETcse_MOHAN,700
Medo.22,1073
hhharsh,1114
I_came,1069
___ske1n___,1381
Ash_36,1185
bant,964
justaname94,1148
pseudomera,1092
AHM2002,1140
agent_025,843
PishbeenMA,1111
anilkm,1278
agw02010,1060
027-24805-darkhan2004,1278
Yamin_Arafat_Aalif_032,1014
ProjectElon,934
NreK,756
hsmfawaz,1093
shravank,1198
BinOre,1222
legendary-grandmaster,1205
RMoshiur,1029
Akul_gupta,1380
bnight,1178
iamnair,1013
Jack5505,1101
Yura.Boy,1217
gokul_anand,1380
BestAlqeisi,1292
ingino,1304
itissabbir,800
salonityagi,1264
Alain00,1370
charliee,1370
keyvanV,961
sahilz_,1370
2rist,1094
Araz.G,1077
TRY_TO_BE8T_ME,814
InsomniaCoder,1148
laplace_3,1163
BeyondLimits,935
ar7L,1370
smith.vs,1126
09158066673j,1309
shaaban99,1370
Mohit_001,1195
Hamza2003,1264
ABA_triton,1200
adi.codeforce,872
ankit17134,937
Konupo8aTb-BcTaBuTb,1264
RATUL1997,939
PoliwrathAttack,1167
vovan2005,1264
as_001,1100
Amiir.AbM,666
MohamedAlshamy,1264
sridharam2,1180
luckmonkey,1370
ubamba98,1314
Imba_Coder,1101
edwardnewgate7676,1370
Tell_me_do_u_Bleed,1113
superiqbal7,986
MMAA,926
f2lk6wf90d,1377
Shubham97,1370
tommyyy,1234
cjrj,1039
JeanAji,1121
lakshay_nasa,1370
zhwzzhhww,1312
A_Umarjon,1027
L_user,1196
adletmeyer245,1264
PKJ12,1370
iamanshup,1370
mamba4ka,863
annnirudh,1267
simranjeet,1264
shubhamjha97,1370
guptashubham1798,1224
King_George,1649
kush_teppalwar,1071
lampard8,1063
Sowjanya11,1370
voalan,802
Ilya_Radium,1154
RobWorth,1370
Thor_Tyr,594
woarkeswat,876
rosudel,781
shivam_3112,1264
sormihn,1370
RUDRA_DAS,1114
shua_ti,1370
markus99,1370
YashTheRedDevil,1150
alokverma550,1264
work__hard,915
Kushdeep_123,1023
bLackFlasH_7,1194
kavyasri,975
65899934,1075
men7a,1061
A-m-z,1264
akohli15,1370
addi7,1220
xsanchez,866
tkyiitd123,1187
rajunahidhasan0,1070
Sara_Melhott,1370
puskuuuu,1056
nurul_islam01,1266
kunalcoder,1250
codinghunter,969
not.me,1126
kaushal-kk,1261
nigi4,1256
amitds1997,1335
arkaray97,1322
TissueRoll,1196
ipeisrim,1370
3ksc03,1159
crocodile_true,1108
non_coder,701
khalsa_ji,1080
sasisasi,1000
zahra.rmz,1181
melden,1370
sanjida_ict,837
Ilya112358,830
missman,1310
arunsahadev,1264
kamalalochini,830
disarray,1207
vishal_2314,1050
tyclear,1157
Rentol,929
Jose10go,1370
kuru.patel,1370
iavinas,1264
74kaksuli,1264
AmrMousa,1370
dileepmatha,969
bsef15m053,1284
GabrielPastori,1202
utshab_1603022,1031
kiranvenkatesh,967
shubhamgrg04,1033
shawon1fb,1247
raselforbin,936
ashar4,1144
bdelgado,1370
mootez21,1107
velzimar,1055
PAG,1185
no_name_007,1370
Ravi_kant,1239
prevet,834
Tahmid999,1289
faf7,978
Daida,1252
sauravraj62,960
Alexander_Zyl,1153
Rusticus,1132
ArchiWorldRUS,1299
rahatporosh7,1158
we1erstrass,1264
keyg97,1093
yahya74,1263
samar_negm,1278
MadhuSameena,774
aashu886,1274
buyka,1263
kisf22furry,1013
I_LOVE_SUMAITA,1149
victormintus,815
ali_chayeb,622
ffsociety,1135
Naman_Garg007,1027
zengge,1231
Excimer,1054
Yershat,1302
MBillah,1133
BNurgeldiyew,1028
lavaD,1370
sabkabaap,1006
D.sourav-M044,1370
MrReDoX,1208
bharath,983
Damian25,1370
Basem_Gaber,1245
Nikitha2348,984
strongshahruz,1163
nikizakr,1035
aniket11,1370
sherlock53,1370
AnkitaVerma,1300
Manjur13,1104
r.1341,1259
SAURABHCJAVA,1370
Mohammed_Atef,1065
Akhjarkhyn,1370
silenter,1013
OwisKweder,1370
hackerashish25,1370
arman024hasan,870
smile_if_you_can,924
Rifat95,687
ekhaled667,1370
inbro,1370
nexter,1044
033zh731,1261
gan06,1370
Shreyas98,1297
devilunicorn,803
ilya140101,971
Imabdul,1370
badboy1496,1264
rav.gupta,1113
aboras22,1370
akhanali.amangeldy,1370
_bHRT_,1233
nguyenchicuong2402,1256
reniko,1152
late,1078
mohamed.nelsayed,1077
olusha,1049
BerserkVl,975
Francis_noco,1370
akimaalyarziev,1162
177shivam,1160
Emanalaa,953
walidsad,1310
Vovanstrr,710
temp707,549
NazinAhmed,733
mostafa_mahmoud,844
_frustrated_,890
b_swag,1370
jarvice,640
neEz,1135
IAMjm,1337
yg6095,1196
Guccifer,1370
Nur_Alam39,1020
Faisal1429,1001
TShT,1301
